Step,commformer_1c3s5z_single_lf_seed1 - incre_win_rate,commformer_1c3s5z_single_lf_seed2 - incre_win_rate,commformer_1c3s5z_single_lf_seed3 - incre_win_rate,happo_1c3s5z_10v10_seed1 - incre_win_rate,happo_1c3s5z_10v10_seed2 - incre_win_rate,happo_1c3s5z_10v10_seed3 - incre_win_rate,mappo_1c3s5z_10v10_seed1 - incre_win_rate,mappo_1c3s5z_10v10_seed2 - incre_win_rate,mappo_1c3s5z_10v10_seed3 - incre_win_rate,mat_1c3s5z_10v10_seed1 - incre_win_rate,mat_1c3s5z_10v10_seed2 - incre_win_rate,mat_1c3s5z_10v10_seed3 - incre_win_rate,commformer_1c3s5z_single_lf_seed1_FC - incre_win_rate,commformer_1c3s5z_single_lf_seed1_FC - incre_win_rate__MIN,commformer_1c3s5z_single_lf_seed1_FC - incre_win_rate__MAX
3200,0,0,0,0,0,0,0,0,0,0,0,0,0,0,0
19200,0,0,0,0,0,0,0,0,0,0,0,0,0,0,0
35200,0,0,0,0,0,0,0,0,0,0,0,0,0,0,0
51200,0,0,0,0,0,0,0,0,0,0,0,0,0,0,0
67200,0,0,0,0,0.004115226,0,0,0,0,0,0,0,0,0,0
83200,0,0,0,0,0,0,0,0.010309278,0,0,0,0,0,0,0
99200,0,0,0,0.004464286,0.005434783,0.005208333,0.005813953,0.011173184,0,0,0,0,0.008583690987124463,0.008583690987124463,0.008583690987124463
115200,0,0,0,0.015151515,0,0.016393443,0,0.016042781,0,0,0,0,0.01652892561983471,0.01652892561983471,0.01652892561983471
131200,0.004347826,0.004347826,0.004347826,0.038888889,0.006944444,0.006134969,0.007194245,0.033707865,0.010695187,0,0,0,0.02358490566037736,0.02358490566037736,0.02358490566037736
147200,0.013043478,0.013043478,0.013043478,0.038216561,0,0.082278481,0.008,0.050955414,0.036842105,0,0,0,0.01702127659574468,0.01702127659574468,0.01702127659574468
163200,0.03196347,0.03196347,0.03196347,0.052631579,0,0.086666667,0.015384615,0.046357616,0.098901099,0,0,0,0.043859649122807015,0.043859649122807015,0.043859649122807015
179200,0.039800995,0.039800995,0.039800995,0.034482759,0,0.071895425,0.017699115,0.035211268,0.136585366,0,0,0,0.07174887892376682,0.07174887892376682,0.07174887892376682
195200,0.065326633,0.065326633,0.065326633,0.05785124,0.00877193,0.117647059,0.036697248,0.064748201,0.201923077,0,0.003787879,0.003787879,0.07177033492822966,0.07177033492822966,0.07177033492822966
211200,0.063492063,0.063492063,0.063492063,0.145038168,0.017699115,0.201183432,0.095238095,0.052631579,0.259090909,0,0,0,0.12041884816753927,0.12041884816753927,0.12041884816753927
227200,0.062146893,0.062146893,0.062146893,0.152173913,0.051282051,0.246987952,0.130081301,0.097902098,0.310810811,0,0.003472222,0.003472222,0.10285714285714286,0.10285714285714286,0.10285714285714286
243200,0.12371134,0.12371134,0.12371134,0.325153374,0.076923077,0.32972973,0.148760331,0.062992126,0.402985075,0.005235602,0.003521127,0.003521127,0.22885572139303484,0.22885572139303484,0.22885572139303484
259200,0.190217391,0.190217391,0.190217391,0.365714286,0.139705882,0.295081967,0.195121951,0.10483871,0.444444444,0,0.009174312,0.009174312,0.27380952380952384,0.27380952380952384,0.27380952380952384
275200,0.201117318,0.201117318,0.201117318,0.418181818,0.148148148,0.404145078,0.274074074,0.13740458,0.475490196,0,0.005376344,0.005376344,0.31063829787234043,0.31063829787234043,0.31063829787234043
291200,0.281914894,0.281914894,0.281914894,0.448863636,0.308823529,0.368932039,0.323529412,0.120967742,0.438679245,0,0.012096774,0.012096774,0.47186147186147187,0.47186147186147187,0.47186147186147187
307200,0.326829268,0.326829268,0.326829268,0.5,0.345323741,0.465686275,0.406666667,0.09375,0.516587678,0.006451613,0.011152416,0.011152416,0.5677966101694916,0.5677966101694916,0.5677966101694916
323200,0.321782178,0.321782178,0.321782178,0.582914573,0.385964912,0.543269231,0.456790123,0.185483871,0.497584541,0.02,0.053571429,0.053571429,0.5905172413793104,0.5905172413793104,0.5905172413793104
339200,0.466666667,0.466666667,0.466666667,0.575757576,0.533707865,0.502463054,0.424836601,0.186567164,0.523809524,0.016759777,0.182879377,0.182879377,0.5619047619047619,0.5619047619047619,0.5619047619047619
355200,0.560869565,0.560869565,0.560869565,0.518918919,0.515306122,0.528037383,0.511904762,0.226277372,0.524271845,0.061797753,0.329218107,0.329218107,0.6123348017621145,0.6123348017621145,0.6123348017621145
371200,0.586065574,0.586065574,0.586065574,0.584210526,0.638190955,0.692307692,0.458333333,0.278571429,0.587064677,0.073298429,0.267716535,0.267716535,0.6832579185520362,0.6832579185520362,0.6832579185520362
387200,0.605042017,0.605042017,0.605042017,0.613402062,0.641509434,0.671171171,0.572916667,0.273333333,0.647342995,0.111111111,0.348360656,0.348360656,0.7424892703862661,0.7424892703862661,0.7424892703862661
403200,0.54978355,0.54978355,0.54978355,0.688073394,0.720930233,0.775784753,0.642105263,0.317880795,0.674528302,0.196172249,0.345238095,0.345238095,0.7629310344827587,0.7629310344827587,0.7629310344827587
419200,0.626984127,0.626984127,0.626984127,0.722727273,0.699530516,0.721973094,0.644670051,0.261744966,0.66509434,0.185022026,0.299180328,0.299180328,0.756198347107438,0.756198347107438,0.756198347107438
435200,0.774590164,0.774590164,0.774590164,0.739910314,0.775784753,0.760869565,0.551351351,0.364779874,0.650943396,0.189189189,0.358333333,0.358333333,0.7759336099585062,0.7759336099585062,0.7759336099585062
451200,0.759036145,0.759036145,0.759036145,0.754464286,0.791304348,0.776315789,0.612440191,0.375,0.680952381,0.186528497,0.265217391,0.265217391,0.8293650793650794,0.8293650793650794,0.8293650793650794
467200,0.768,0.768,0.768,0.764444444,0.800904977,0.753424658,0.684729064,0.452830189,0.710900474,0.196319018,0.392070485,0.392070485,0.804,0.804,0.804
483200,0.754310345,0.754310345,0.754310345,0.76056338,0.836909871,0.739910314,0.679245283,0.461988304,0.690821256,0.163265306,0.647577093,0.647577093,0.799163179916318,0.799163179916318,0.799163179916318
499200,0.810483871,0.810483871,0.810483871,0.766519824,0.825327511,0.774774775,0.716981132,0.491017964,0.751173709,0.057142857,0.742738589,0.742738589,0.8223140495867769,0.8223140495867769,0.8223140495867769
515200,0.830188679,0.830188679,0.830188679,0.764444444,0.820512821,0.769230769,0.719457014,0.547368421,0.737327189,0,0.710526316,0.710526316,0.7936507936507936,0.7936507936507936,0.7936507936507936
531200,0.843283582,0.843283582,0.843283582,0.698564593,0.821276596,0.779279279,0.726415094,0.50295858,0.712264151,0,0.737288136,0.737288136,0.7695473251028807,0.7695473251028807,0.7695473251028807
547200,0.860377358,0.860377358,0.860377358,0.746543779,0.838983051,0.795652174,0.691542289,0.443786982,0.772727273,0,0.7875,0.7875,0.8163265306122449,0.8163265306122449,0.8163265306122449
563200,0.87037037,0.87037037,0.87037037,0.779279279,0.828451883,0.868085106,0.697560976,0.470238095,0.759259259,0,0.752173913,0.752173913,0.8367346938775511,0.8367346938775511,0.8367346938775511
579200,0.822222222,0.822222222,0.822222222,0.788546256,0.805907173,0.81092437,0.695876289,0.473372781,0.737089202,0.007575758,0.703862661,0.703862661,0.8770491803278688,0.8770491803278688,0.8770491803278688
595200,0.839215686,0.839215686,0.839215686,0.815789474,0.875,0.822033898,0.763546798,0.512195122,0.781818182,0.007633588,0.488372093,0.488372093,0.8734693877551021,0.8734693877551021,0.8734693877551021
611200,0.833962264,0.833962264,0.833962264,0.86440678,0.87854251,0.834710744,0.75,0.538043478,0.709090909,0.050420168,0.511520737,0.511520737,0.902834008097166,0.902834008097166,0.902834008097166
627200,0.83984375,0.83984375,0.83984375,0.824267782,0.859437751,0.854251012,0.776190476,0.634408602,0.75462963,0.132352941,0.597222222,0.597222222,0.8152610441767069,0.8152610441767069,0.8152610441767069
643200,0.828996283,0.828996283,0.828996283,0.848360656,0.829166667,0.860655738,0.754716981,0.62755102,0.765765766,0.256578947,0.713656388,0.713656388,0.8048780487804879,0.8048780487804879,0.8048780487804879
659200,0.847058824,0.847058824,0.847058824,0.851851852,0.779166667,0.858921162,0.751219512,0.600961538,0.747706422,0.195652174,0.76371308,0.76371308,0.8645418326693227,0.8645418326693227,0.8645418326693227
675200,0.83203125,0.83203125,0.83203125,0.887550201,0.87704918,0.90438247,0.76744186,0.585365854,0.740566038,0.361290323,0.76419214,0.76419214,0.7967479674796748,0.7967479674796748,0.7967479674796748
691200,0.772,0.772,0.772,0.821576763,0.842519685,0.891891892,0.781553398,0.588235294,0.785046729,0.371069182,0.719148936,0.719148936,0.8032786885245902,0.8032786885245902,0.8032786885245902
707200,0.877470356,0.877470356,0.877470356,0.842105263,0.855421687,0.885826772,0.764423077,0.673170732,0.78280543,0.453416149,0.723684211,0.723684211,0.8089430894308943,0.8089430894308943,0.8089430894308943
723200,0.842105263,0.842105263,0.842105263,0.869047619,0.87250996,0.903100775,0.752380952,0.668269231,0.789719626,0.344827586,0.736401674,0.736401674,0.8166666666666667,0.8166666666666667,0.8166666666666667
739200,0.794466403,0.794466403,0.794466403,0.854166667,0.832653061,0.938697318,0.789215686,0.651515152,0.819444444,0.375,0.786885246,0.786885246,0.8506224066390041,0.8506224066390041,0.8506224066390041
755200,0.862204724,0.862204724,0.862204724,0.915384615,0.83935743,0.957692308,0.732718894,0.685279188,0.823255814,0.454545455,0.753303965,0.753303965,0.8087649402390438,0.8087649402390438,0.8087649402390438
771200,0.87804878,0.87804878,0.87804878,0.888888889,0.866396761,0.918918919,0.786363636,0.564356436,0.855855856,0.4,0.723404255,0.723404255,0.8294573643410853,0.8294573643410853,0.8294573643410853
787200,0.888030888,0.888030888,0.888030888,0.930232558,0.903474903,0.934615385,0.774647887,0.711711712,0.820754717,0.468926554,0.721030043,0.721030043,0.8617886178861789,0.8617886178861789,0.8617886178861789
803200,0.844621514,0.844621514,0.844621514,0.926356589,0.881889764,0.925490196,0.833333333,0.662162162,0.743243243,0.494791667,0.718061674,0.718061674,0.8702290076335878,0.8702290076335878,0.8702290076335878
819200,0.873563218,0.873563218,0.873563218,0.85770751,0.898039216,0.924,0.770642202,0.743362832,0.81981982,0.505681818,0.665217391,0.665217391,0.8320610687022901,0.8320610687022901,0.8320610687022901
835200,0.788235294,0.788235294,0.788235294,0.93359375,0.894941634,0.926640927,0.806603774,0.742358079,0.795555556,0.464968153,0.630630631,0.630630631,0.8740458015267175,0.8740458015267175,0.8740458015267175
851200,0.843137255,0.843137255,0.843137255,0.908366534,0.885375494,0.915662651,0.803652968,0.731601732,0.831896552,0.392638037,0.727272727,0.727272727,0.806949806949807,0.806949806949807,0.806949806949807
867200,0.846441948,0.846441948,0.846441948,0.889328063,0.879844961,0.894957983,0.792626728,0.723004695,0.791855204,0.479289941,0.640495868,0.640495868,0.8365019011406845,0.8365019011406845,0.8365019011406845
883200,0.864,0.864,0.864,0.884920635,0.937956204,0.938461538,0.774193548,0.783783784,0.857142857,0.292993631,0.525581395,0.525581395,0.8431372549019608,0.8431372549019608,0.8431372549019608
899200,0.872,0.872,0.872,0.87109375,0.919847328,0.936329588,0.782978723,0.771300448,0.827586207,0.428571429,0.22173913,0.22173913,0.88,0.88,0.88
915200,0.862903226,0.862903226,0.862903226,0.894736842,0.921933086,0.940074906,0.848214286,0.746606335,0.853448276,0.35625,0.138888889,0.138888889,0.8731343283582089,0.8731343283582089,0.8731343283582089
931200,0.904761905,0.904761905,0.904761905,0.865853659,0.943609023,0.940520446,0.78280543,0.798206278,0.837004405,0.424050633,0.125,0.125,0.9015151515151515,0.9015151515151515,0.9015151515151515
947200,0.899628253,0.899628253,0.899628253,0.892430279,0.928838951,0.943609023,0.735159817,0.746724891,0.82173913,0.350282486,0.099099099,0.099099099,0.8487084870848709,0.8487084870848709,0.8487084870848709
963200,0.8671875,0.8671875,0.8671875,0.921259843,0.876447876,0.940740741,0.802816901,0.787234043,0.814159292,0.429319372,0.099099099,0.099099099,0.8605577689243028,0.8605577689243028,0.8605577689243028
979200,0.881422925,0.881422925,0.881422925,0.87755102,0.91221374,0.956521739,0.753488372,0.787610619,0.791111111,0.413173653,0.173913043,0.173913043,0.9015151515151515,0.9015151515151515,0.9015151515151515
995200,0.888030888,0.888030888,0.888030888,0.87654321,0.938931298,0.959854015,0.813953488,0.733050847,0.80952381,0.407185629,0.192488263,0.192488263,0.8571428571428571,0.8571428571428571,0.8571428571428571
1011200,0.791505792,0.791505792,0.791505792,0.917695473,0.954198473,0.948529412,0.849137931,0.847107438,0.845132743,0.427710843,0.231818182,0.231818182,0.8807692307692307,0.8807692307692307,0.8807692307692307
1027200,0.887596899,0.887596899,0.887596899,0.90513834,0.937984496,0.955719557,0.826484018,0.81512605,0.809954751,0.411428571,0.228571429,0.228571429,0.8901515151515151,0.8901515151515151,0.8901515151515151
1043200,0.917910448,0.917910448,0.917910448,0.933070866,0.935849057,0.952727273,0.852017937,0.890688259,0.741784038,0.469273743,0.340248963,0.340248963,0.8808664259927798,0.8808664259927798,0.8808664259927798
1059200,0.917602996,0.917602996,0.917602996,0.92,0.896,0.958333333,0.853881279,0.87854251,0.716894977,0.426900585,0.36437247,0.36437247,0.8416988416988417,0.8416988416988417,0.8416988416988417
1075200,0.894339623,0.894339623,0.894339623,0.9348659,0.945054945,0.926923077,0.839285714,0.868312757,0.799126638,0.507936508,0.507633588,0.507633588,0.9166666666666666,0.9166666666666666,0.9166666666666666
1091200,0.915129151,0.915129151,0.915129151,0.918604651,0.952727273,0.971223022,0.852941176,0.835390947,0.738738739,0.470588235,0.547244094,0.547244094,0.9038461538461539,0.9038461538461539,0.9038461538461539
1107200,0.881226054,0.881226054,0.881226054,0.897233202,0.947761194,0.947761194,0.872807018,0.869918699,0.763392857,0.476190476,0.620408163,0.620408163,0.9128787878787878,0.9128787878787878,0.9128787878787878
1123200,0.890625,0.890625,0.890625,0.926640927,0.935018051,0.971326165,0.816513761,0.883534137,0.727699531,0.413173653,0.68487395,0.68487395,0.8841698841698842,0.8841698841698842,0.8841698841698842
1139200,0.883018868,0.883018868,0.883018868,0.912350598,0.933823529,0.97833935,0.848888889,0.856,0.812227074,0.428571429,0.766129032,0.766129032,0.8868613138686131,0.8868613138686131,0.8868613138686131
1155200,0.93258427,0.93258427,0.93258427,0.881422925,0.92481203,0.952898551,0.860169492,0.826612903,0.855855856,0.546961326,0.730923695,0.730923695,0.875,0.875,0.875
1171200,0.935606061,0.935606061,0.935606061,0.87250996,0.923357664,0.981412639,0.827433628,0.862348178,0.87012987,0.524861878,0.682539683,0.682539683,0.8966789667896679,0.8966789667896679,0.8966789667896679
1187200,0.936802974,0.936802974,0.936802974,0.930769231,0.955882353,0.971014493,0.846153846,0.87295082,0.797413793,0.580808081,0.621276596,0.621276596,0.9230769230769231,0.9230769230769231,0.9230769230769231
1203200,0.954545455,0.954545455,0.954545455,0.927756654,0.954225352,0.978798587,0.860759494,0.858299595,0.814159292,0.536231884,0.603603604,0.603603604,0.9247311827956989,0.9247311827956989,0.9247311827956989
1219200,0.913857678,0.913857678,0.913857678,0.9140625,0.960714286,0.956989247,0.888888889,0.89958159,0.808888889,0.581818182,0.582222222,0.582222222,0.9222614840989399,0.9222614840989399,0.9222614840989399
1235200,0.936090226,0.936090226,0.936090226,0.926070039,0.9566787,0.968641115,0.873417722,0.924302789,0.777777778,0.576036866,0.680672269,0.680672269,0.9119718309859155,0.9119718309859155,0.9119718309859155
1251200,0.893700787,0.893700787,0.893700787,0.913385827,0.928301887,0.963768116,0.897119342,0.898373984,0.760180995,0.600917431,0.641255605,0.641255605,0.8960573476702509,0.8960573476702509,0.8960573476702509
1267200,0.953405018,0.953405018,0.953405018,0.92481203,0.964285714,0.978873239,0.87654321,0.868852459,0.747706422,0.6359447,0.620853081,0.620853081,0.921146953405018,0.921146953405018,0.921146953405018
1283200,0.97080292,0.97080292,0.97080292,0.880658436,0.960288809,0.957894737,0.874476987,0.883817427,0.746666667,0.626728111,0.700440529,0.700440529,0.9454545454545454,0.9454545454545454,0.9454545454545454
1299200,0.95,0.95,0.95,0.885057471,0.954225352,0.992857143,0.877637131,0.916666667,0.757709251,0.637681159,0.721238938,0.721238938,0.9321428571428572,0.9321428571428572,0.9321428571428572
1315200,0.928057554,0.928057554,0.928057554,0.942528736,0.945652174,0.964788732,0.87755102,0.893280632,0.826666667,0.48019802,0.68161435,0.68161435,0.8808664259927798,0.8808664259927798,0.8808664259927798
1331200,0.928571429,0.928571429,0.928571429,0.907335907,0.971631206,0.964539007,0.847107438,0.896,0.831896552,0.429292929,0.578680203,0.578680203,0.9078014184397163,0.9078014184397163,0.9078014184397163
1347200,0.985865724,0.985865724,0.985865724,0.937728938,0.956834532,0.975,0.890688259,0.864541833,0.819742489,0.459090909,0.567708333,0.567708333,0.9539007092198581,0.9539007092198581,0.9539007092198581
1363200,0.960992908,0.960992908,0.960992908,0.934615385,0.954225352,0.971631206,0.893877551,0.861344538,0.866666667,0.458128079,0.414634146,0.414634146,0.927797833935018,0.927797833935018,0.927797833935018
1379200,0.96641791,0.96641791,0.96641791,0.947169811,0.982269504,0.971731449,0.898373984,0.899598394,0.85106383,0.475961538,0.346938776,0.346938776,0.9528985507246377,0.9528985507246377,0.9528985507246377
1395200,0.946996466,0.946996466,0.946996466,0.948339483,0.978417266,0.993079585,0.911290323,0.880478088,0.835443038,0.505,0.218543046,0.218543046,0.9316546762589928,0.9316546762589928,0.9316546762589928
1411200,0.954385965,0.954385965,0.954385965,0.951672862,0.972125436,0.975438596,0.893004115,0.912350598,0.80349345,0.555,0.278787879,0.278787879,0.9343065693430657,0.9343065693430657,0.9343065693430657
1427200,0.946619217,0.946619217,0.946619217,0.952380952,0.975694444,0.971731449,0.923694779,0.91902834,0.798245614,0.510204082,0.258215962,0.258215962,0.9311594202898551,0.9311594202898551,0.9311594202898551
1443200,0.931654676,0.931654676,0.931654676,0.939622642,0.965034965,0.975265018,0.906882591,0.919354839,0.83982684,0.457286432,0.241025641,0.241025641,0.9358490566037736,0.9358490566037736,0.9358490566037736
1459200,0.934065934,0.934065934,0.934065934,0.941818182,0.960992908,0.968858131,0.926640927,0.88185654,0.854700855,0.447916667,0.206896552,0.206896552,0.9326241134751773,0.9326241134751773,0.9326241134751773
1475200,0.957295374,0.957295374,0.957295374,0.963636364,0.964539007,0.978723404,0.884615385,0.875518672,0.847826087,0.468421053,0.209302326,0.209302326,0.9358108108108109,0.9358108108108109,0.9358108108108109
1491200,0.953900709,0.953900709,0.953900709,0.956363636,0.98943662,0.975438596,0.937984496,0.910931174,0.915254237,0.457142857,0.240566038,0.240566038,0.9342560553633218,0.9342560553633218,0.9342560553633218
1507200,0.938405797,0.938405797,0.938405797,0.956363636,0.976027397,0.96350365,0.938461538,0.901639344,0.902953586,0.473958333,0.253731343,0.253731343,0.9321428571428572,0.9321428571428572,0.9321428571428572
1523200,0.948717949,0.948717949,0.948717949,0.949458484,0.967741935,0.972222222,0.888030888,0.899159664,0.876068376,0.365979381,0.274853801,0.274853801,0.9265734265734266,0.9265734265734266,0.9265734265734266
1539200,0.916967509,0.916967509,0.916967509,0.944649446,0.935251799,0.993055556,0.881226054,0.898373984,0.837104072,0.40201005,0.361904762,0.361904762,0.9333333333333333,0.9333333333333333,0.9333333333333333
1555200,0.954198473,0.954198473,0.954198473,0.960144928,0.979452055,0.979094077,0.927480916,0.870292887,0.887445887,0.388059701,0.269607843,0.269607843,0.9568345323741008,0.9568345323741008,0.9568345323741008
1571200,0.9609375,0.9609375,0.9609375,0.914179104,0.967857143,0.952205882,0.902723735,0.927125506,0.80733945,0.46031746,0.324561404,0.324561404,0.9565217391304348,0.9565217391304348,0.9565217391304348
1587200,0.974264706,0.974264706,0.974264706,0.949090909,0.978947368,0.964412811,0.93385214,0.888446215,0.763636364,0.44278607,0.32,0.32,0.9492753623188406,0.9492753623188406,0.9492753623188406
1603200,0.929889299,0.929889299,0.929889299,0.93040293,0.954385965,0.979310345,0.843373494,0.889795918,0.764444444,0.419689119,0.333333333,0.333333333,0.9537366548042705,0.9537366548042705,0.9537366548042705
1619200,0.945525292,0.945525292,0.945525292,0.960288809,0.975945017,0.98245614,0.898113208,0.92578125,0.755656109,0.465686275,0.271551724,0.271551724,0.9563636363636364,0.9563636363636364,0.9563636363636364
1635200,0.94921875,0.94921875,0.94921875,0.944852941,0.964788732,0.979310345,0.921875,0.880658436,0.75,0.478672986,0.265306122,0.265306122,0.9366197183098591,0.9366197183098591,0.9366197183098591
1651200,0.944223108,0.944223108,0.944223108,0.949820789,0.975524476,0.968858131,0.918518519,0.898785425,0.752212389,0.544600939,0.247104247,0.247104247,0.926829268292683,0.926829268292683,0.926829268292683
1667200,0.961389961,0.961389961,0.961389961,0.959259259,0.975694444,0.986062718,0.882352941,0.913043478,0.752293578,0.5625,0.230125523,0.230125523,0.9017543859649123,0.9017543859649123,0.9017543859649123
1683200,0.942238267,0.942238267,0.942238267,0.948905109,0.964788732,0.975265018,0.884615385,0.904958678,0.739726027,0.490654206,0.218487395,0.218487395,0.9453924914675768,0.9453924914675768,0.9453924914675768
1699200,0.924460432,0.924460432,0.924460432,0.952205882,0.958041958,0.971631206,0.897338403,0.9,0.772093023,0.530805687,0.198275862,0.198275862,0.9195804195804196,0.9195804195804196,0.9195804195804196
1715200,0.95323741,0.95323741,0.95323741,0.938405797,0.982876712,0.961538462,0.889328063,0.908366534,0.793577982,0.450236967,0.231660232,0.231660232,0.9721254355400697,0.9721254355400697,0.9721254355400697
1731200,0.916363636,0.916363636,0.916363636,0.963898917,0.964912281,0.982332155,0.928301887,0.918367347,0.837209302,0.488687783,0.272727273,0.272727273,0.9548611111111112,0.9548611111111112,0.9548611111111112
1747200,0.967272727,0.967272727,0.967272727,0.959854015,0.961130742,0.975778547,0.923954373,0.933333333,0.761904762,0.425925926,0.234513274,0.234513274,0.9530201342281879,0.9530201342281879,0.9530201342281879
1763200,0.943661972,0.943661972,0.943661972,0.960714286,0.961672474,0.98245614,0.922178988,0.896414343,0.796296296,0.439814815,0.241706161,0.241706161,0.9685314685314685,0.9685314685314685,0.9685314685314685
1779200,0.958188153,0.958188153,0.958188153,0.926199262,0.965156794,0.953736655,0.943820225,0.91015625,0.793577982,0.346846847,0.215311005,0.215311005,0.9861111111111112,0.9861111111111112,0.9861111111111112
1795200,0.962711864,0.962711864,0.962711864,0.929104478,0.964664311,0.989726027,0.928030303,0.898785425,0.824324324,0.412017167,0.16097561,0.16097561,0.9246575342465754,0.9246575342465754,0.9246575342465754
1811200,0.965397924,0.965397924,0.965397924,0.964157706,0.953736655,1,0.891050584,0.911290323,0.795454545,0.387387387,0.225663717,0.225663717,0.9556313993174061,0.9556313993174061,0.9556313993174061
1827200,0.976027397,0.976027397,0.976027397,0.949090909,0.965517241,0.976190476,0.906367041,0.906614786,0.764705882,0.333333333,0.274678112,0.274678112,0.9618055555555556,0.9618055555555556,0.9618055555555556
1843200,0.962585034,0.962585034,0.962585034,0.971631206,0.957295374,0.975694444,0.870229008,0.880478088,0.860262009,0.274418605,0.324200913,0.324200913,0.9593220338983051,0.9593220338983051,0.9593220338983051
1859200,0.973244147,0.973244147,0.973244147,0.940740741,0.982517483,0.964912281,0.876404494,0.892857143,0.833333333,0.373056995,0.413793103,0.413793103,0.9693877551020408,0.9693877551020408,0.9693877551020408
1875200,0.972508591,0.972508591,0.972508591,0.96797153,0.968309859,0.95035461,0.90530303,0.92248062,0.840707965,0.252688172,0.523404255,0.523404255,0.9562289562289562,0.9562289562289562,0.9562289562289562
1891200,0.976271186,0.976271186,0.976271186,0.968085106,0.982758621,0.982817869,0.916030534,0.913043478,0.837104072,0.333333333,0.436619718,0.436619718,0.9470198675496688,0.9470198675496688,0.9470198675496688
1907200,0.98989899,0.98989899,0.98989899,0.970695971,0.976109215,0.989726027,0.921052632,0.910852713,0.765258216,0.311258278,0.446700508,0.446700508,0.9565217391304348,0.9565217391304348,0.9565217391304348
1923200,0.979020979,0.979020979,0.979020979,0.948717949,0.950877193,0.972125436,0.940298507,0.898832685,0.769585253,0.262068966,0.376344086,0.376344086,0.9692832764505119,0.9692832764505119,0.9692832764505119
1939200,0.982935154,0.982935154,0.982935154,0.971119134,0.961130742,0.989726027,0.920754717,0.931034483,0.791111111,0.282894737,0.509803922,0.509803922,0.9217081850533808,0.9217081850533808,0.9217081850533808
1955200,0.975694444,0.975694444,0.975694444,0.96350365,0.934065934,0.982698962,0.890977444,0.894941634,0.809734513,0.287581699,0.460465116,0.460465116,0.9471830985915493,0.9471830985915493,0.9471830985915493
1971200,0.968965517,0.968965517,0.968965517,0.960854093,0.982817869,0.982517483,0.893536122,0.937743191,0.806167401,0.391304348,0.506849315,0.506849315,0.9556313993174061,0.9556313993174061,0.9556313993174061
1987200,0.979661017,0.979661017,0.979661017,0.93040293,0.983221477,0.982817869,0.900383142,0.938697318,0.823788546,0.228915663,0.534391534,0.534391534,0.9466666666666667,0.9466666666666667,0.9466666666666667
