Step,commformer_2c_vs_64zg_single_lf_seed1 - incre_win_rate,commformer_2c_vs_64zg_single_lf_seed1 - incre_win_rate__MIN,commformer_2c_vs_64zg_single_lf_seed1 - incre_win_rate__MAX,commformer_2c_vs_64zg_single_lf_seed2 - incre_win_rate,commformer_2c_vs_64zg_single_lf_seed2 - incre_win_rate__MIN,commformer_2c_vs_64zg_single_lf_seed2 - incre_win_rate__MAX,happo_2c_vs_64zg_10v10_seed1 - incre_win_rate,happo_2c_vs_64zg_10v10_seed1 - incre_win_rate__MIN,happo_2c_vs_64zg_10v10_seed1 - incre_win_rate__MAX,happo_2c_vs_64zg_10v10_seed2 - incre_win_rate,happo_2c_vs_64zg_10v10_seed2 - incre_win_rate__MIN,happo_2c_vs_64zg_10v10_seed2 - incre_win_rate__MAX,happo_2c_vs_64zg_10v10_seed3 - incre_win_rate,happo_2c_vs_64zg_10v10_seed3 - incre_win_rate__MIN,happo_2c_vs_64zg_10v10_seed3 - incre_win_rate__MAX,mappo_2c_vs_64zg_10v10_seed1 - incre_win_rate,mappo_2c_vs_64zg_10v10_seed1 - incre_win_rate__MIN,mappo_2c_vs_64zg_10v10_seed1 - incre_win_rate__MAX,mappo_2c_vs_64zg_10v10_seed2 - incre_win_rate,mappo_2c_vs_64zg_10v10_seed2 - incre_win_rate__MIN,mappo_2c_vs_64zg_10v10_seed2 - incre_win_rate__MAX,mappo_2c_vs_64zg_10v10_seed3 - incre_win_rate,mappo_2c_vs_64zg_10v10_seed3 - incre_win_rate__MIN,mappo_2c_vs_64zg_10v10_seed3 - incre_win_rate__MAX
3200,0,0,0,0,0,0,0,0,0,0,0,0,0,0,0,0,0,0,0,0,0,0,0,0
19200,0,0,0,0,0,0,0,0,0,0,0,0,0,0,0,0,0,0,0,0,0,0,0,0
35200,0,0,0,0,0,0,0,0,0,0,0,0,0,0,0,0,0,0,0,0,0,0,0,0
51200,0,0,0,0,0,0,0,0,0,0,0,0,0,0,0,0,0,0,0,0,0,0,0,0
67200,0,0,0,0,0,0,0,0,0,0,0,0,0,0,0,0,0,0,0,0,0,0,0,0
83200,0,0,0,0,0,0,0,0,0,0,0,0,0,0,0,0,0,0,0,0,0,0,0,0
99200,0,0,0,0,0,0,0,0,0,0,0,0,0,0,0,0,0,0,0,0,0,0.002320186,0.002320186,0.002320186
115200,0,0,0,0,0,0,0,0,0,0,0,0,0,0,0,0,0,0,0,0,0,0,0,0
131200,0.002314815,0.002314815,0.002314815,0.002314815,0.002314815,0.002314815,0,0,0,0,0,0,0.002309469,0.002309469,0.002309469,0,0,0,0,0,0,0,0,0
147200,0,0,0,0,0,0,0,0,0,0,0,0,0,0,0,0,0,0,0,0,0,0,0,0
163200,0.002358491,0.002358491,0.002358491,0.002358491,0.002358491,0.002358491,0,0,0,0.005319149,0.005319149,0.005319149,0.002380952,0.002380952,0.002380952,0,0,0,0,0,0,0,0,0
179200,0,0,0,0,0,0,0,0,0,0.005167959,0.005167959,0.005167959,0.002493766,0.002493766,0.002493766,0,0,0,0,0,0,0,0,0
195200,0,0,0,0,0,0,0.002857143,0.002857143,0.002857143,0.005154639,0.005154639,0.005154639,0,0,0,0,0,0,0,0,0,0,0,0
211200,0.005037783,0.005037783,0.005037783,0.005037783,0.005037783,0.005037783,0,0,0,0.013297872,0.013297872,0.013297872,0,0,0,0,0,0,0,0,0,0.005141388,0.005141388,0.005141388
227200,0.004819277,0.004819277,0.004819277,0.004819277,0.004819277,0.004819277,0,0,0,0.005235602,0.005235602,0.005235602,0.004938272,0.004938272,0.004938272,0.005221932,0.005221932,0.005221932,0,0,0,0,0,0
243200,0.002463054,0.002463054,0.002463054,0.002463054,0.002463054,0.002463054,0.006968641,0.006968641,0.006968641,0.00273224,0.00273224,0.00273224,0.005050505,0.005050505,0.005050505,0.005449591,0.005449591,0.005449591,0.004807692,0.004807692,0.004807692,0.005012531,0.005012531,0.005012531
259200,0.009708738,0.009708738,0.009708738,0.009708738,0.009708738,0.009708738,0.007117438,0.007117438,0.007117438,0.013812155,0.013812155,0.013812155,0.007594937,0.007594937,0.007594937,0.014619883,0.014619883,0.014619883,0.007556675,0.007556675,0.007556675,0.002590674,0.002590674,0.002590674
275200,0.00255102,0.00255102,0.00255102,0.00255102,0.00255102,0.00255102,0.003311258,0.003311258,0.003311258,0.013550136,0.013550136,0.013550136,0.007792208,0.007792208,0.007792208,0.01510574,0.01510574,0.01510574,0.004854369,0.004854369,0.004854369,0.005235602,0.005235602,0.005235602
291200,0.010416667,0.010416667,0.010416667,0.010416667,0.010416667,0.010416667,0.006389776,0.006389776,0.006389776,0.008928571,0.008928571,0.008928571,0.010723861,0.010723861,0.010723861,0.035483871,0.035483871,0.035483871,0.002538071,0.002538071,0.002538071,0.010666667,0.010666667,0.010666667
307200,0.014044944,0.014044944,0.014044944,0.014044944,0.014044944,0.014044944,0.003355705,0.003355705,0.003355705,0.014925373,0.014925373,0.014925373,0.015789474,0.015789474,0.015789474,0.030100334,0.030100334,0.030100334,0.007832898,0.007832898,0.007832898,0.00795756,0.00795756,0.00795756
323200,0.018518519,0.018518519,0.018518519,0.018518519,0.018518519,0.018518519,0.003424658,0.003424658,0.003424658,0.017857143,0.017857143,0.017857143,0.026086957,0.026086957,0.026086957,0.030927835,0.030927835,0.030927835,0.005249344,0.005249344,0.005249344,0.002673797,0.002673797,0.002673797
339200,0.014044944,0.014044944,0.014044944,0.014044944,0.014044944,0.014044944,0.010714286,0.010714286,0.010714286,0.019169329,0.019169329,0.019169329,0.034090909,0.034090909,0.034090909,0.128630705,0.128630705,0.128630705,0.005089059,0.005089059,0.005089059,0.005434783,0.005434783,0.005434783
355200,0.019125683,0.019125683,0.019125683,0.019125683,0.019125683,0.019125683,0.017921147,0.017921147,0.017921147,0.056537102,0.056537102,0.056537102,0.025236593,0.025236593,0.025236593,0.113122172,0.113122172,0.113122172,0.016042781,0.016042781,0.016042781,0,0,0
371200,0.005633803,0.005633803,0.005633803,0.005633803,0.005633803,0.005633803,0.027491409,0.027491409,0.027491409,0.046511628,0.046511628,0.046511628,0.034682081,0.034682081,0.034682081,0.112068966,0.112068966,0.112068966,0.011142061,0.011142061,0.011142061,0.010958904,0.010958904,0.010958904
387200,0.014792899,0.014792899,0.014792899,0.014792899,0.014792899,0.014792899,0.008298755,0.008298755,0.008298755,0.041811847,0.041811847,0.041811847,0.028490028,0.028490028,0.028490028,0.117924528,0.117924528,0.117924528,0.022099448,0.022099448,0.022099448,0.011494253,0.011494253,0.011494253
403200,0.023738872,0.023738872,0.023738872,0.023738872,0.023738872,0.023738872,0.019607843,0.019607843,0.019607843,0.048148148,0.048148148,0.048148148,0.029154519,0.029154519,0.029154519,0.153153153,0.153153153,0.153153153,0.033613445,0.033613445,0.033613445,0.011173184,0.011173184,0.011173184
419200,0.021021021,0.021021021,0.021021021,0.021021021,0.021021021,0.021021021,0.011494253,0.011494253,0.011494253,0.063380282,0.063380282,0.063380282,0.061046512,0.061046512,0.061046512,0.193965517,0.193965517,0.193965517,0.023529412,0.023529412,0.023529412,0.005540166,0.005540166,0.005540166
435200,0.018404908,0.018404908,0.018404908,0.018404908,0.018404908,0.018404908,0.042194093,0.042194093,0.042194093,0.045296167,0.045296167,0.045296167,0.040935673,0.040935673,0.040935673,0.253731343,0.253731343,0.253731343,0.027439024,0.027439024,0.027439024,0.018018018,0.018018018,0.018018018
451200,0.023391813,0.023391813,0.023391813,0.023391813,0.023391813,0.023391813,0.015037594,0.015037594,0.015037594,0.050541516,0.050541516,0.050541516,0.049689441,0.049689441,0.049689441,0.210762332,0.210762332,0.210762332,0.036144578,0.036144578,0.036144578,0.021472393,0.021472393,0.021472393
467200,0.024922118,0.024922118,0.024922118,0.024922118,0.024922118,0.024922118,0.017241379,0.017241379,0.017241379,0.069686411,0.069686411,0.069686411,0.052325581,0.052325581,0.052325581,0.212121212,0.212121212,0.212121212,0.030120482,0.030120482,0.030120482,0.003058104,0.003058104,0.003058104
483200,0.034129693,0.034129693,0.034129693,0.034129693,0.034129693,0.034129693,0.0234375,0.0234375,0.0234375,0.023972603,0.023972603,0.023972603,0.046242775,0.046242775,0.046242775,0.254716981,0.254716981,0.254716981,0.057401813,0.057401813,0.057401813,0.014492754,0.014492754,0.014492754
499200,0.019417476,0.019417476,0.019417476,0.019417476,0.019417476,0.019417476,0.02293578,0.02293578,0.02293578,0.089147287,0.089147287,0.089147287,0.073248408,0.073248408,0.073248408,0.237068966,0.237068966,0.237068966,0.03003003,0.03003003,0.03003003,0.00304878,0.00304878,0.00304878
515200,0.027118644,0.027118644,0.027118644,0.027118644,0.027118644,0.027118644,0.026666667,0.026666667,0.026666667,0.107438017,0.107438017,0.107438017,0.079470199,0.079470199,0.079470199,0.262948207,0.262948207,0.262948207,0.049844237,0.049844237,0.049844237,0.01875,0.01875,0.01875
531200,0.04,0.04,0.04,0.04,0.04,0.04,0.027149321,0.027149321,0.027149321,0.101626016,0.101626016,0.101626016,0.063694268,0.063694268,0.063694268,0.256637168,0.256637168,0.256637168,0.04587156,0.04587156,0.04587156,0.037974684,0.037974684,0.037974684
547200,0.040441176,0.040441176,0.040441176,0.040441176,0.040441176,0.040441176,0.033816425,0.033816425,0.033816425,0.076086957,0.076086957,0.076086957,0.071661238,0.071661238,0.071661238,0.324444444,0.324444444,0.324444444,0.061728395,0.061728395,0.061728395,0.018808777,0.018808777,0.018808777
563200,0.044585987,0.044585987,0.044585987,0.044585987,0.044585987,0.044585987,0.066326531,0.066326531,0.066326531,0.070175439,0.070175439,0.070175439,0.075085324,0.075085324,0.075085324,0.298701299,0.298701299,0.298701299,0.042042042,0.042042042,0.042042042,0.035369775,0.035369775,0.035369775
579200,0.060070671,0.060070671,0.060070671,0.060070671,0.060070671,0.060070671,0.074257426,0.074257426,0.074257426,0.116883117,0.116883117,0.116883117,0.105633803,0.105633803,0.105633803,0.400881057,0.400881057,0.400881057,0.071661238,0.071661238,0.071661238,0.023890785,0.023890785,0.023890785
595200,0.061488673,0.061488673,0.061488673,0.061488673,0.061488673,0.061488673,0.058510638,0.058510638,0.058510638,0.126582278,0.126582278,0.126582278,0.09352518,0.09352518,0.09352518,0.377272727,0.377272727,0.377272727,0.06514658,0.06514658,0.06514658,0.029220779,0.029220779,0.029220779
611200,0.068627451,0.068627451,0.068627451,0.068627451,0.068627451,0.068627451,0.112359551,0.112359551,0.112359551,0.120930233,0.120930233,0.120930233,0.105084746,0.105084746,0.105084746,0.359649123,0.359649123,0.359649123,0.074074074,0.074074074,0.074074074,0.049180328,0.049180328,0.049180328
627200,0.079861111,0.079861111,0.079861111,0.079861111,0.079861111,0.079861111,0.104166667,0.104166667,0.104166667,0.115702479,0.115702479,0.115702479,0.115671642,0.115671642,0.115671642,0.403508772,0.403508772,0.403508772,0.054237288,0.054237288,0.054237288,0.05862069,0.05862069,0.05862069
643200,0.088028169,0.088028169,0.088028169,0.088028169,0.088028169,0.088028169,0.089385475,0.089385475,0.089385475,0.08627451,0.08627451,0.08627451,0.083969466,0.083969466,0.083969466,0.387931034,0.387931034,0.387931034,0.083636364,0.083636364,0.083636364,0.054474708,0.054474708,0.054474708
659200,0.09469697,0.09469697,0.09469697,0.09469697,0.09469697,0.09469697,0.123152709,0.123152709,0.123152709,0.077586207,0.077586207,0.077586207,0.07751938,0.07751938,0.07751938,0.355769231,0.355769231,0.355769231,0.096774194,0.096774194,0.096774194,0.04296875,0.04296875,0.04296875
675200,0.078431373,0.078431373,0.078431373,0.078431373,0.078431373,0.078431373,0.120418848,0.120418848,0.120418848,0.095238095,0.095238095,0.095238095,0.105072464,0.105072464,0.105072464,0.432432432,0.432432432,0.432432432,0.091205212,0.091205212,0.091205212,0.031746032,0.031746032,0.031746032
691200,0.112903226,0.112903226,0.112903226,0.112903226,0.112903226,0.112903226,0.129411765,0.129411765,0.129411765,0.1003861,0.1003861,0.1003861,0.124513619,0.124513619,0.124513619,0.386666667,0.386666667,0.386666667,0.121673004,0.121673004,0.121673004,0.035573123,0.035573123,0.035573123
707200,0.086614173,0.086614173,0.086614173,0.086614173,0.086614173,0.086614173,0.196202532,0.196202532,0.196202532,0.102272727,0.102272727,0.102272727,0.120274914,0.120274914,0.120274914,0.446428571,0.446428571,0.446428571,0.114814815,0.114814815,0.114814815,0.02962963,0.02962963,0.02962963
723200,0.098814229,0.098814229,0.098814229,0.098814229,0.098814229,0.098814229,0.216666667,0.216666667,0.216666667,0.107296137,0.107296137,0.107296137,0.104895105,0.104895105,0.104895105,0.473029046,0.473029046,0.473029046,0.102836879,0.102836879,0.102836879,0.087719298,0.087719298,0.087719298
739200,0.116935484,0.116935484,0.116935484,0.116935484,0.116935484,0.116935484,0.210526316,0.210526316,0.210526316,0.098814229,0.098814229,0.098814229,0.137546468,0.137546468,0.137546468,0.511415525,0.511415525,0.511415525,0.101045296,0.101045296,0.101045296,0.1,0.1,0.1
755200,0.110619469,0.110619469,0.110619469,0.110619469,0.110619469,0.110619469,0.188118812,0.188118812,0.188118812,0.106463878,0.106463878,0.106463878,0.144628099,0.144628099,0.144628099,0.553648069,0.553648069,0.553648069,0.131578947,0.131578947,0.131578947,0.107692308,0.107692308,0.107692308
771200,0.135371179,0.135371179,0.135371179,0.135371179,0.135371179,0.135371179,0.247058824,0.247058824,0.247058824,0.126637555,0.126637555,0.126637555,0.176190476,0.176190476,0.176190476,0.490909091,0.490909091,0.490909091,0.127819549,0.127819549,0.127819549,0.115079365,0.115079365,0.115079365
787200,0.101694915,0.101694915,0.101694915,0.101694915,0.101694915,0.101694915,0.270833333,0.270833333,0.270833333,0.140562249,0.140562249,0.140562249,0.192139738,0.192139738,0.192139738,0.490990991,0.490990991,0.490990991,0.12992126,0.12992126,0.12992126,0.094488189,0.094488189,0.094488189
803200,0.125,0.125,0.125,0.125,0.125,0.125,0.205479452,0.205479452,0.205479452,0.17167382,0.17167382,0.17167382,0.201754386,0.201754386,0.201754386,0.49382716,0.49382716,0.49382716,0.12267658,0.12267658,0.12267658,0.118110236,0.118110236,0.118110236
819200,0.16017316,0.16017316,0.16017316,0.16017316,0.16017316,0.16017316,0.204968944,0.204968944,0.204968944,0.185520362,0.185520362,0.185520362,0.191780822,0.191780822,0.191780822,0.521929825,0.521929825,0.521929825,0.170289855,0.170289855,0.170289855,0.145669291,0.145669291,0.145669291
835200,0.160337553,0.160337553,0.160337553,0.160337553,0.160337553,0.160337553,0.25,0.25,0.25,0.146443515,0.146443515,0.146443515,0.231132075,0.231132075,0.231132075,0.536480687,0.536480687,0.536480687,0.146428571,0.146428571,0.146428571,0.151639344,0.151639344,0.151639344
851200,0.18875502,0.18875502,0.18875502,0.18875502,0.18875502,0.18875502,0.339393939,0.339393939,0.339393939,0.126984127,0.126984127,0.126984127,0.222222222,0.222222222,0.222222222,0.537735849,0.537735849,0.537735849,0.179487179,0.179487179,0.179487179,0.184210526,0.184210526,0.184210526
867200,0.220183486,0.220183486,0.220183486,0.220183486,0.220183486,0.220183486,0.319018405,0.319018405,0.319018405,0.104,0.104,0.104,0.170731707,0.170731707,0.170731707,0.534313725,0.534313725,0.534313725,0.184397163,0.184397163,0.184397163,0.165322581,0.165322581,0.165322581
883200,0.264069264,0.264069264,0.264069264,0.264069264,0.264069264,0.264069264,0.243243243,0.243243243,0.243243243,0.158102767,0.158102767,0.158102767,0.169421488,0.169421488,0.169421488,0.509615385,0.509615385,0.509615385,0.176678445,0.176678445,0.176678445,0.178723404,0.178723404,0.178723404
899200,0.306034483,0.306034483,0.306034483,0.306034483,0.306034483,0.306034483,0.248447205,0.248447205,0.248447205,0.171296296,0.171296296,0.171296296,0.156862745,0.156862745,0.156862745,0.526315789,0.526315789,0.526315789,0.221374046,0.221374046,0.221374046,0.165254237,0.165254237,0.165254237
915200,0.253676471,0.253676471,0.253676471,0.253676471,0.253676471,0.253676471,0.282894737,0.282894737,0.282894737,0.131455399,0.131455399,0.131455399,0.181451613,0.181451613,0.181451613,0.50877193,0.50877193,0.50877193,0.188976378,0.188976378,0.188976378,0.178423237,0.178423237,0.178423237
931200,0.285198556,0.285198556,0.285198556,0.285198556,0.285198556,0.285198556,0.341935484,0.341935484,0.341935484,0.175531915,0.175531915,0.175531915,0.233606557,0.233606557,0.233606557,0.575630252,0.575630252,0.575630252,0.205776173,0.205776173,0.205776173,0.188,0.188,0.188
947200,0.266423358,0.266423358,0.266423358,0.266423358,0.266423358,0.266423358,0.237288136,0.237288136,0.237288136,0.162679426,0.162679426,0.162679426,0.210045662,0.210045662,0.210045662,0.475555556,0.475555556,0.475555556,0.223776224,0.223776224,0.223776224,0.226086957,0.226086957,0.226086957
963200,0.306049822,0.306049822,0.306049822,0.306049822,0.306049822,0.306049822,0.346153846,0.346153846,0.346153846,0.1875,0.1875,0.1875,0.25877193,0.25877193,0.25877193,0.525641026,0.525641026,0.525641026,0.232638889,0.232638889,0.232638889,0.210743802,0.210743802,0.210743802
979200,0.328358209,0.328358209,0.328358209,0.328358209,0.328358209,0.328358209,0.350282486,0.350282486,0.350282486,0.173553719,0.173553719,0.173553719,0.176470588,0.176470588,0.176470588,0.511627907,0.511627907,0.511627907,0.281481481,0.281481481,0.281481481,0.237068966,0.237068966,0.237068966
995200,0.315217391,0.315217391,0.315217391,0.315217391,0.315217391,0.315217391,0.403726708,0.403726708,0.403726708,0.192468619,0.192468619,0.192468619,0.219123506,0.219123506,0.219123506,0.546610169,0.546610169,0.546610169,0.257352941,0.257352941,0.257352941,0.209401709,0.209401709,0.209401709
1011200,0.435294118,0.435294118,0.435294118,0.435294118,0.435294118,0.435294118,0.36875,0.36875,0.36875,0.134920635,0.134920635,0.134920635,0.246696035,0.246696035,0.246696035,0.610655738,0.610655738,0.610655738,0.293040293,0.293040293,0.293040293,0.185344828,0.185344828,0.185344828
1027200,0.451361868,0.451361868,0.451361868,0.451361868,0.451361868,0.451361868,0.327160494,0.327160494,0.327160494,0.165991903,0.165991903,0.165991903,0.2,0.2,0.2,0.616326531,0.616326531,0.616326531,0.310077519,0.310077519,0.310077519,0.211009174,0.211009174,0.211009174
1043200,0.488721805,0.488721805,0.488721805,0.488721805,0.488721805,0.488721805,0.37654321,0.37654321,0.37654321,0.174796748,0.174796748,0.174796748,0.24,0.24,0.24,0.582677165,0.582677165,0.582677165,0.293436293,0.293436293,0.293436293,0.209677419,0.209677419,0.209677419
1059200,0.531007752,0.531007752,0.531007752,0.531007752,0.531007752,0.531007752,0.36627907,0.36627907,0.36627907,0.154506438,0.154506438,0.154506438,0.235042735,0.235042735,0.235042735,0.613821138,0.613821138,0.613821138,0.359430605,0.359430605,0.359430605,0.206278027,0.206278027,0.206278027
1075200,0.450381679,0.450381679,0.450381679,0.450381679,0.450381679,0.450381679,0.343373494,0.343373494,0.343373494,0.18972332,0.18972332,0.18972332,0.244239631,0.244239631,0.244239631,0.604,0.604,0.604,0.314487633,0.314487633,0.314487633,0.171428571,0.171428571,0.171428571
1091200,0.580769231,0.580769231,0.580769231,0.580769231,0.580769231,0.580769231,0.405594406,0.405594406,0.405594406,0.185185185,0.185185185,0.185185185,0.231132075,0.231132075,0.231132075,0.612334802,0.612334802,0.612334802,0.364285714,0.364285714,0.364285714,0.211618257,0.211618257,0.211618257
1107200,0.5703125,0.5703125,0.5703125,0.5703125,0.5703125,0.5703125,0.424836601,0.424836601,0.424836601,0.160305344,0.160305344,0.160305344,0.2375,0.2375,0.2375,0.612149533,0.612149533,0.612149533,0.354166667,0.354166667,0.354166667,0.182539683,0.182539683,0.182539683
1123200,0.625482625,0.625482625,0.625482625,0.625482625,0.625482625,0.625482625,0.367088608,0.367088608,0.367088608,0.195744681,0.195744681,0.195744681,0.215384615,0.215384615,0.215384615,0.665236052,0.665236052,0.665236052,0.395256917,0.395256917,0.395256917,0.210970464,0.210970464,0.210970464
1139200,0.573529412,0.573529412,0.573529412,0.573529412,0.573529412,0.573529412,0.367816092,0.367816092,0.367816092,0.24291498,0.24291498,0.24291498,0.253521127,0.253521127,0.253521127,0.627192982,0.627192982,0.627192982,0.368,0.368,0.368,0.243801653,0.243801653,0.243801653
1155200,0.63670412,0.63670412,0.63670412,0.63670412,0.63670412,0.63670412,0.406015038,0.406015038,0.406015038,0.1875,0.1875,0.1875,0.198312236,0.198312236,0.198312236,0.649193548,0.649193548,0.649193548,0.384328358,0.384328358,0.384328358,0.174107143,0.174107143,0.174107143
1171200,0.655677656,0.655677656,0.655677656,0.655677656,0.655677656,0.655677656,0.494382022,0.494382022,0.494382022,0.151376147,0.151376147,0.151376147,0.258333333,0.258333333,0.258333333,0.692622951,0.692622951,0.692622951,0.417910448,0.417910448,0.417910448,0.209677419,0.209677419,0.209677419
1187200,0.675572519,0.675572519,0.675572519,0.675572519,0.675572519,0.675572519,0.388888889,0.388888889,0.388888889,0.243523316,0.243523316,0.243523316,0.25,0.25,0.25,0.758474576,0.758474576,0.758474576,0.349090909,0.349090909,0.349090909,0.224576271,0.224576271,0.224576271
1203200,0.623188406,0.623188406,0.623188406,0.623188406,0.623188406,0.623188406,0.396825397,0.396825397,0.396825397,0.264864865,0.264864865,0.264864865,0.252173913,0.252173913,0.252173913,0.663793103,0.663793103,0.663793103,0.342756184,0.342756184,0.342756184,0.294117647,0.294117647,0.294117647
1219200,0.644599303,0.644599303,0.644599303,0.644599303,0.644599303,0.644599303,0.488636364,0.488636364,0.488636364,0.226666667,0.226666667,0.226666667,0.212560386,0.212560386,0.212560386,0.682242991,0.682242991,0.682242991,0.302158273,0.302158273,0.302158273,0.324324324,0.324324324,0.324324324
1235200,0.701067616,0.701067616,0.701067616,0.701067616,0.701067616,0.701067616,0.443181818,0.443181818,0.443181818,0.213636364,0.213636364,0.213636364,0.252631579,0.252631579,0.252631579,0.697580645,0.697580645,0.697580645,0.339416058,0.339416058,0.339416058,0.292237443,0.292237443,0.292237443
1251200,0.709558824,0.709558824,0.709558824,0.709558824,0.709558824,0.709558824,0.379679144,0.379679144,0.379679144,0.223744292,0.223744292,0.223744292,0.279475983,0.279475983,0.279475983,0.715517241,0.715517241,0.715517241,0.325396825,0.325396825,0.325396825,0.311688312,0.311688312,0.311688312
1267200,0.784671533,0.784671533,0.784671533,0.784671533,0.784671533,0.784671533,0.361445783,0.361445783,0.361445783,0.226600985,0.226600985,0.226600985,0.246575342,0.246575342,0.246575342,0.686915888,0.686915888,0.686915888,0.356115108,0.356115108,0.356115108,0.242553191,0.242553191,0.242553191
1283200,0.696750903,0.696750903,0.696750903,0.696750903,0.696750903,0.696750903,0.435294118,0.435294118,0.435294118,0.24537037,0.24537037,0.24537037,0.285067873,0.285067873,0.285067873,0.702702703,0.702702703,0.702702703,0.32,0.32,0.32,0.256521739,0.256521739,0.256521739
1299200,0.753731343,0.753731343,0.753731343,0.753731343,0.753731343,0.753731343,0.441489362,0.441489362,0.441489362,0.213709677,0.213709677,0.213709677,0.29245283,0.29245283,0.29245283,0.631313131,0.631313131,0.631313131,0.371841155,0.371841155,0.371841155,0.290748899,0.290748899,0.290748899
1315200,0.69858156,0.69858156,0.69858156,0.69858156,0.69858156,0.69858156,0.449197861,0.449197861,0.449197861,0.202479339,0.202479339,0.202479339,0.176954733,0.176954733,0.176954733,0.742222222,0.742222222,0.742222222,0.351778656,0.351778656,0.351778656,0.242798354,0.242798354,0.242798354
1331200,0.737827715,0.737827715,0.737827715,0.737827715,0.737827715,0.737827715,0.489247312,0.489247312,0.489247312,0.25,0.25,0.25,0.247572816,0.247572816,0.247572816,0.724137931,0.724137931,0.724137931,0.375464684,0.375464684,0.375464684,0.268867925,0.268867925,0.268867925
1347200,0.708185053,0.708185053,0.708185053,0.708185053,0.708185053,0.708185053,0.434554974,0.434554974,0.434554974,0.192913386,0.192913386,0.192913386,0.274336283,0.274336283,0.274336283,0.772925764,0.772925764,0.772925764,0.393728223,0.393728223,0.393728223,0.32034632,0.32034632,0.32034632
1363200,0.726618705,0.726618705,0.726618705,0.726618705,0.726618705,0.726618705,0.394736842,0.394736842,0.394736842,0.208144796,0.208144796,0.208144796,0.298076923,0.298076923,0.298076923,0.730612245,0.730612245,0.730612245,0.394160584,0.394160584,0.394160584,0.245762712,0.245762712,0.245762712
1379200,0.768060837,0.768060837,0.768060837,0.768060837,0.768060837,0.768060837,0.474285714,0.474285714,0.474285714,0.223684211,0.223684211,0.223684211,0.311004785,0.311004785,0.311004785,0.74893617,0.74893617,0.74893617,0.474820144,0.474820144,0.474820144,0.238938053,0.238938053,0.238938053
1395200,0.760714286,0.760714286,0.760714286,0.760714286,0.760714286,0.760714286,0.400990099,0.400990099,0.400990099,0.198312236,0.198312236,0.198312236,0.316831683,0.316831683,0.316831683,0.730769231,0.730769231,0.730769231,0.442028986,0.442028986,0.442028986,0.278026906,0.278026906,0.278026906
1411200,0.791044776,0.791044776,0.791044776,0.791044776,0.791044776,0.791044776,0.467836257,0.467836257,0.467836257,0.203252033,0.203252033,0.203252033,0.323671498,0.323671498,0.323671498,0.744493392,0.744493392,0.744493392,0.439393939,0.439393939,0.439393939,0.347031963,0.347031963,0.347031963
1427200,0.756363636,0.756363636,0.756363636,0.756363636,0.756363636,0.756363636,0.430107527,0.430107527,0.430107527,0.238738739,0.238738739,0.238738739,0.341880342,0.341880342,0.341880342,0.724137931,0.724137931,0.724137931,0.458955224,0.458955224,0.458955224,0.296577947,0.296577947,0.296577947
1443200,0.755319149,0.755319149,0.755319149,0.755319149,0.755319149,0.755319149,0.5,0.5,0.5,0.251231527,0.251231527,0.251231527,0.294117647,0.294117647,0.294117647,0.782051282,0.782051282,0.782051282,0.448398577,0.448398577,0.448398577,0.336032389,0.336032389,0.336032389
1459200,0.81294964,0.81294964,0.81294964,0.81294964,0.81294964,0.81294964,0.478494624,0.478494624,0.478494624,0.231481481,0.231481481,0.231481481,0.386597938,0.386597938,0.386597938,0.758064516,0.758064516,0.758064516,0.477777778,0.477777778,0.477777778,0.3046875,0.3046875,0.3046875
1475200,0.76702509,0.76702509,0.76702509,0.76702509,0.76702509,0.76702509,0.491017964,0.491017964,0.491017964,0.200892857,0.200892857,0.200892857,0.31884058,0.31884058,0.31884058,0.756521739,0.756521739,0.756521739,0.493006993,0.493006993,0.493006993,0.278481013,0.278481013,0.278481013
1491200,0.73992674,0.73992674,0.73992674,0.73992674,0.73992674,0.73992674,0.447204969,0.447204969,0.447204969,0.154716981,0.154716981,0.154716981,0.368159204,0.368159204,0.368159204,0.745098039,0.745098039,0.745098039,0.439285714,0.439285714,0.439285714,0.272727273,0.272727273,0.272727273
1507200,0.777358491,0.777358491,0.777358491,0.777358491,0.777358491,0.777358491,0.508196721,0.508196721,0.508196721,0.180257511,0.180257511,0.180257511,0.262886598,0.262886598,0.262886598,0.744,0.744,0.744,0.45,0.45,0.45,0.269230769,0.269230769,0.269230769
1523200,0.795698925,0.795698925,0.795698925,0.795698925,0.795698925,0.795698925,0.469072165,0.469072165,0.469072165,0.247663551,0.247663551,0.247663551,0.307692308,0.307692308,0.307692308,0.78600823,0.78600823,0.78600823,0.466431095,0.466431095,0.466431095,0.328063241,0.328063241,0.328063241
1539200,0.810714286,0.810714286,0.810714286,0.810714286,0.810714286,0.810714286,0.518918919,0.518918919,0.518918919,0.191964286,0.191964286,0.191964286,0.305164319,0.305164319,0.305164319,0.842105263,0.842105263,0.842105263,0.588028169,0.588028169,0.588028169,0.264069264,0.264069264,0.264069264
1555200,0.800699301,0.800699301,0.800699301,0.800699301,0.800699301,0.800699301,0.461077844,0.461077844,0.461077844,0.217391304,0.217391304,0.217391304,0.374358974,0.374358974,0.374358974,0.833333333,0.833333333,0.833333333,0.522807018,0.522807018,0.522807018,0.235042735,0.235042735,0.235042735
1571200,0.791044776,0.791044776,0.791044776,0.791044776,0.791044776,0.791044776,0.502857143,0.502857143,0.502857143,0.186440678,0.186440678,0.186440678,0.338164251,0.338164251,0.338164251,0.821576763,0.821576763,0.821576763,0.5,0.5,0.5,0.317180617,0.317180617,0.317180617
1587200,0.799270073,0.799270073,0.799270073,0.799270073,0.799270073,0.799270073,0.51744186,0.51744186,0.51744186,0.253588517,0.253588517,0.253588517,0.338028169,0.338028169,0.338028169,0.837209302,0.837209302,0.837209302,0.492753623,0.492753623,0.492753623,0.247011952,0.247011952,0.247011952
1603200,0.807843137,0.807843137,0.807843137,0.807843137,0.807843137,0.807843137,0.519774011,0.519774011,0.519774011,0.234234234,0.234234234,0.234234234,0.363157895,0.363157895,0.363157895,0.764444444,0.764444444,0.764444444,0.560885609,0.560885609,0.560885609,0.349775785,0.349775785,0.349775785
1619200,0.820512821,0.820512821,0.820512821,0.820512821,0.820512821,0.820512821,0.52247191,0.52247191,0.52247191,0.235023041,0.235023041,0.235023041,0.309090909,0.309090909,0.309090909,0.827868852,0.827868852,0.827868852,0.540740741,0.540740741,0.540740741,0.326848249,0.326848249,0.326848249
1635200,0.788321168,0.788321168,0.788321168,0.788321168,0.788321168,0.788321168,0.5,0.5,0.5,0.152542373,0.152542373,0.152542373,0.324786325,0.324786325,0.324786325,0.797619048,0.797619048,0.797619048,0.528089888,0.528089888,0.528089888,0.282157676,0.282157676,0.282157676
1651200,0.778195489,0.778195489,0.778195489,0.778195489,0.778195489,0.778195489,0.451086957,0.451086957,0.451086957,0.192307692,0.192307692,0.192307692,0.268656716,0.268656716,0.268656716,0.775330396,0.775330396,0.775330396,0.519163763,0.519163763,0.519163763,0.367768595,0.367768595,0.367768595
1667200,0.799256506,0.799256506,0.799256506,0.799256506,0.799256506,0.799256506,0.461538462,0.461538462,0.461538462,0.256880734,0.256880734,0.256880734,0.395454545,0.395454545,0.395454545,0.829059829,0.829059829,0.829059829,0.551094891,0.551094891,0.551094891,0.344978166,0.344978166,0.344978166
1683200,0.819852941,0.819852941,0.819852941,0.819852941,0.819852941,0.819852941,0.460606061,0.460606061,0.460606061,0.272727273,0.272727273,0.272727273,0.360730594,0.360730594,0.360730594,0.845493562,0.845493562,0.845493562,0.559701493,0.559701493,0.559701493,0.301652893,0.301652893,0.301652893
1699200,0.799227799,0.799227799,0.799227799,0.799227799,0.799227799,0.799227799,0.542168675,0.542168675,0.542168675,0.198156682,0.198156682,0.198156682,0.344497608,0.344497608,0.344497608,0.830357143,0.830357143,0.830357143,0.544061303,0.544061303,0.544061303,0.345833333,0.345833333,0.345833333
1715200,0.862815884,0.862815884,0.862815884,0.862815884,0.862815884,0.862815884,0.583333333,0.583333333,0.583333333,0.244635193,0.244635193,0.244635193,0.31277533,0.31277533,0.31277533,0.879518072,0.879518072,0.879518072,0.546428571,0.546428571,0.546428571,0.317073171,0.317073171,0.317073171
1731200,0.774545455,0.774545455,0.774545455,0.774545455,0.774545455,0.774545455,0.476190476,0.476190476,0.476190476,0.206422018,0.206422018,0.206422018,0.36744186,0.36744186,0.36744186,0.86440678,0.86440678,0.86440678,0.536121673,0.536121673,0.536121673,0.274678112,0.274678112,0.274678112
1747200,0.801498127,0.801498127,0.801498127,0.801498127,0.801498127,0.801498127,0.459770115,0.459770115,0.459770115,0.231481481,0.231481481,0.231481481,0.35,0.35,0.35,0.823770492,0.823770492,0.823770492,0.562962963,0.562962963,0.562962963,0.349593496,0.349593496,0.349593496
1763200,0.790613718,0.790613718,0.790613718,0.790613718,0.790613718,0.790613718,0.472527473,0.472527473,0.472527473,0.259803922,0.259803922,0.259803922,0.333333333,0.333333333,0.333333333,0.817073171,0.817073171,0.817073171,0.532075472,0.532075472,0.532075472,0.261904762,0.261904762,0.261904762
1779200,0.812274368,0.812274368,0.812274368,0.812274368,0.812274368,0.812274368,0.465909091,0.465909091,0.465909091,0.24137931,0.24137931,0.24137931,0.31443299,0.31443299,0.31443299,0.838709677,0.838709677,0.838709677,0.560606061,0.560606061,0.560606061,0.288888889,0.288888889,0.288888889
1795200,0.832713755,0.832713755,0.832713755,0.832713755,0.832713755,0.832713755,0.497005988,0.497005988,0.497005988,0.242009132,0.242009132,0.242009132,0.32460733,0.32460733,0.32460733,0.835877863,0.835877863,0.835877863,0.563218391,0.563218391,0.563218391,0.330357143,0.330357143,0.330357143
1811200,0.832089552,0.832089552,0.832089552,0.832089552,0.832089552,0.832089552,0.470198675,0.470198675,0.470198675,0.228070175,0.228070175,0.228070175,0.278846154,0.278846154,0.278846154,0.87890625,0.87890625,0.87890625,0.575539568,0.575539568,0.575539568,0.272727273,0.272727273,0.272727273
1827200,0.835766423,0.835766423,0.835766423,0.835766423,0.835766423,0.835766423,0.53125,0.53125,0.53125,0.216216216,0.216216216,0.216216216,0.311320755,0.311320755,0.311320755,0.894117647,0.894117647,0.894117647,0.561151079,0.561151079,0.561151079,0.336065574,0.336065574,0.336065574
1843200,0.779850746,0.779850746,0.779850746,0.779850746,0.779850746,0.779850746,0.47752809,0.47752809,0.47752809,0.216981132,0.216981132,0.216981132,0.300970874,0.300970874,0.300970874,0.85770751,0.85770751,0.85770751,0.540636042,0.540636042,0.540636042,0.294871795,0.294871795,0.294871795
1859200,0.811111111,0.811111111,0.811111111,0.811111111,0.811111111,0.811111111,0.5,0.5,0.5,0.198067633,0.198067633,0.198067633,0.321782178,0.321782178,0.321782178,0.87804878,0.87804878,0.87804878,0.546391753,0.546391753,0.546391753,0.331950207,0.331950207,0.331950207
1875200,0.82437276,0.82437276,0.82437276,0.82437276,0.82437276,0.82437276,0.437908497,0.437908497,0.437908497,0.215311005,0.215311005,0.215311005,0.387559809,0.387559809,0.387559809,0.866396761,0.866396761,0.866396761,0.522968198,0.522968198,0.522968198,0.297619048,0.297619048,0.297619048
1891200,0.822222222,0.822222222,0.822222222,0.822222222,0.822222222,0.822222222,0.457317073,0.457317073,0.457317073,0.251282051,0.251282051,0.251282051,0.322751323,0.322751323,0.322751323,0.874476987,0.874476987,0.874476987,0.576086957,0.576086957,0.576086957,0.397379913,0.397379913,0.397379913
1907200,0.864150943,0.864150943,0.864150943,0.864150943,0.864150943,0.864150943,0.508474576,0.508474576,0.508474576,0.182692308,0.182692308,0.182692308,0.336787565,0.336787565,0.336787565,0.855421687,0.855421687,0.855421687,0.555555556,0.555555556,0.555555556,0.333333333,0.333333333,0.333333333
1923200,0.868613139,0.868613139,0.868613139,0.868613139,0.868613139,0.868613139,0.453038674,0.453038674,0.453038674,0.202643172,0.202643172,0.202643172,0.310526316,0.310526316,0.310526316,0.844,0.844,0.844,0.565972222,0.565972222,0.565972222,0.364864865,0.364864865,0.364864865
1939200,0.915708812,0.915708812,0.915708812,0.915708812,0.915708812,0.915708812,0.502824859,0.502824859,0.502824859,0.205357143,0.205357143,0.205357143,0.417840376,0.417840376,0.417840376,0.868852459,0.868852459,0.868852459,0.542857143,0.542857143,0.542857143,0.331896552,0.331896552,0.331896552
1955200,0.884169884,0.884169884,0.884169884,0.884169884,0.884169884,0.884169884,0.539877301,0.539877301,0.539877301,0.237442922,0.237442922,0.237442922,0.312796209,0.312796209,0.312796209,0.918032787,0.918032787,0.918032787,0.485915493,0.485915493,0.485915493,0.3671875,0.3671875,0.3671875
1971200,0.875,0.875,0.875,0.875,0.875,0.875,0.521212121,0.521212121,0.521212121,0.209756098,0.209756098,0.209756098,0.331578947,0.331578947,0.331578947,0.836283186,0.836283186,0.836283186,0.560137457,0.560137457,0.560137457,0.363636364,0.363636364,0.363636364
1987200,0.88030888,0.88030888,0.88030888,0.88030888,0.88030888,0.88030888,0.503144654,0.503144654,0.503144654,0.285067873,0.285067873,0.285067873,0.356020942,0.356020942,0.356020942,0.858299595,0.858299595,0.858299595,0.527586207,0.527586207,0.527586207,0.360995851,0.360995851,0.360995851
2003200,0.86259542,0.86259542,0.86259542,0.86259542,0.86259542,0.86259542,0.38172043,0.38172043,0.38172043,0.236966825,0.236966825,0.236966825,0.359605911,0.359605911,0.359605911,0.87654321,0.87654321,0.87654321,0.503448276,0.503448276,0.503448276,0.384313725,0.384313725,0.384313725
2019200,0.898496241,0.898496241,0.898496241,0.898496241,0.898496241,0.898496241,0.5,0.5,0.5,0.213333333,0.213333333,0.213333333,0.293269231,0.293269231,0.293269231,0.9,0.9,0.9,0.45862069,0.45862069,0.45862069,0.390243902,0.390243902,0.390243902
2035200,0.880866426,0.880866426,0.880866426,0.880866426,0.880866426,0.880866426,0.455621302,0.455621302,0.455621302,0.262376238,0.262376238,0.262376238,0.339712919,0.339712919,0.339712919,0.883268482,0.883268482,0.883268482,0.512195122,0.512195122,0.512195122,0.338912134,0.338912134,0.338912134
2051200,0.931654676,0.931654676,0.931654676,0.931654676,0.931654676,0.931654676,0.534031414,0.534031414,0.534031414,0.261083744,0.261083744,0.261083744,0.361607143,0.361607143,0.361607143,0.890151515,0.890151515,0.890151515,0.57337884,0.57337884,0.57337884,0.326612903,0.326612903,0.326612903
2067200,0.906976744,0.906976744,0.906976744,0.906976744,0.906976744,0.906976744,0.514619883,0.514619883,0.514619883,0.271428571,0.271428571,0.271428571,0.362244898,0.362244898,0.362244898,0.932489451,0.932489451,0.932489451,0.484641638,0.484641638,0.484641638,0.336099585,0.336099585,0.336099585
2083200,0.921348315,0.921348315,0.921348315,0.921348315,0.921348315,0.921348315,0.480769231,0.480769231,0.480769231,0.210045662,0.210045662,0.210045662,0.316582915,0.316582915,0.316582915,0.883817427,0.883817427,0.883817427,0.512027491,0.512027491,0.512027491,0.318897638,0.318897638,0.318897638
2099200,0.883534137,0.883534137,0.883534137,0.887096774,0.887096774,0.887096774,0.5,0.5,0.5,0.240566038,0.240566038,0.240566038,0.403225806,0.403225806,0.403225806,0.907692308,0.907692308,0.907692308,0.470989761,0.470989761,0.470989761,0.334745763,0.334745763,0.334745763
2115200,0.916666667,0.916666667,0.916666667,0.922779923,0.922779923,0.922779923,0.440217391,0.440217391,0.440217391,0.236180905,0.236180905,0.236180905,0.4375,0.4375,0.4375,0.876494024,0.876494024,0.876494024,0.478723404,0.478723404,0.478723404,0.360655738,0.360655738,0.360655738
2131200,0.918918919,0.918918919,0.918918919,0.884476534,0.884476534,0.884476534,0.490566038,0.490566038,0.490566038,0.220588235,0.220588235,0.220588235,0.333333333,0.333333333,0.333333333,0.907563025,0.907563025,0.907563025,0.528368794,0.528368794,0.528368794,0.405982906,0.405982906,0.405982906
2147200,0.935849057,0.935849057,0.935849057,0.911538462,0.911538462,0.911538462,0.467836257,0.467836257,0.467836257,0.279411765,0.279411765,0.279411765,0.324444444,0.324444444,0.324444444,0.945833333,0.945833333,0.945833333,0.553264605,0.553264605,0.553264605,0.427966102,0.427966102,0.427966102
2163200,0.895522388,0.895522388,0.895522388,0.913207547,0.913207547,0.913207547,0.481481481,0.481481481,0.481481481,0.23880597,0.23880597,0.23880597,0.301801802,0.301801802,0.301801802,0.904761905,0.904761905,0.904761905,0.531468531,0.531468531,0.531468531,0.432098765,0.432098765,0.432098765
2179200,0.896153846,0.896153846,0.896153846,0.912727273,0.912727273,0.912727273,0.537142857,0.537142857,0.537142857,0.267942584,0.267942584,0.267942584,0.354679803,0.354679803,0.354679803,0.936758893,0.936758893,0.936758893,0.467576792,0.467576792,0.467576792,0.378723404,0.378723404,0.378723404
2195200,0.922178988,0.922178988,0.922178988,0.885931559,0.885931559,0.885931559,0.47715736,0.47715736,0.47715736,0.254901961,0.254901961,0.254901961,0.3507109,0.3507109,0.3507109,0.886554622,0.886554622,0.886554622,0.493197279,0.493197279,0.493197279,0.470588235,0.470588235,0.470588235
2211200,0.909433962,0.909433962,0.909433962,0.912878788,0.912878788,0.912878788,0.475935829,0.475935829,0.475935829,0.258373206,0.258373206,0.258373206,0.365638767,0.365638767,0.365638767,0.888429752,0.888429752,0.888429752,0.475083056,0.475083056,0.475083056,0.457399103,0.457399103,0.457399103
2227200,0.898550725,0.898550725,0.898550725,0.909433962,0.909433962,0.909433962,0.479532164,0.479532164,0.479532164,0.231441048,0.231441048,0.231441048,0.358208955,0.358208955,0.358208955,0.866935484,0.866935484,0.866935484,0.57807309,0.57807309,0.57807309,0.457264957,0.457264957,0.457264957
2243200,0.878326996,0.878326996,0.878326996,0.892193309,0.892193309,0.892193309,0.491017964,0.491017964,0.491017964,0.194871795,0.194871795,0.194871795,0.457711443,0.457711443,0.457711443,0.933054393,0.933054393,0.933054393,0.505016722,0.505016722,0.505016722,0.482905983,0.482905983,0.482905983
2259200,0.878787879,0.878787879,0.878787879,0.892857143,0.892857143,0.892857143,0.47826087,0.47826087,0.47826087,0.268518519,0.268518519,0.268518519,0.345794393,0.345794393,0.345794393,0.95256917,0.95256917,0.95256917,0.592465753,0.592465753,0.592465753,0.427312775,0.427312775,0.427312775
2275200,0.909448819,0.909448819,0.909448819,0.86770428,0.86770428,0.86770428,0.522988506,0.522988506,0.522988506,0.240566038,0.240566038,0.240566038,0.376237624,0.376237624,0.376237624,0.923371648,0.923371648,0.923371648,0.593220339,0.593220339,0.593220339,0.426229508,0.426229508,0.426229508
2291200,0.896296296,0.896296296,0.896296296,0.8203125,0.8203125,0.8203125,0.516666667,0.516666667,0.516666667,0.251207729,0.251207729,0.251207729,0.375,0.375,0.375,0.928853755,0.928853755,0.928853755,0.568106312,0.568106312,0.568106312,0.439516129,0.439516129,0.439516129
2307200,0.934108527,0.934108527,0.934108527,0.875,0.875,0.875,0.554913295,0.554913295,0.554913295,0.241860465,0.241860465,0.241860465,0.32,0.32,0.32,0.882352941,0.882352941,0.882352941,0.580756014,0.580756014,0.580756014,0.437007874,0.437007874,0.437007874
2323200,0.906015038,0.906015038,0.906015038,0.858208955,0.858208955,0.858208955,0.459016393,0.459016393,0.459016393,0.268181818,0.268181818,0.268181818,0.284946237,0.284946237,0.284946237,0.929460581,0.929460581,0.929460581,0.542955326,0.542955326,0.542955326,0.458677686,0.458677686,0.458677686
2339200,0.912087912,0.912087912,0.912087912,0.879245283,0.879245283,0.879245283,0.531791908,0.531791908,0.531791908,0.258883249,0.258883249,0.258883249,0.324468085,0.324468085,0.324468085,0.90438247,0.90438247,0.90438247,0.612903226,0.612903226,0.612903226,0.47257384,0.47257384,0.47257384
2355200,0.937956204,0.937956204,0.937956204,0.879120879,0.879120879,0.879120879,0.411042945,0.411042945,0.411042945,0.280612245,0.280612245,0.280612245,0.415,0.415,0.415,0.888888889,0.888888889,0.888888889,0.576512456,0.576512456,0.576512456,0.420168067,0.420168067,0.420168067
2371200,0.915750916,0.915750916,0.915750916,0.85,0.85,0.85,0.502793296,0.502793296,0.502793296,0.234234234,0.234234234,0.234234234,0.370535714,0.370535714,0.370535714,0.920634921,0.920634921,0.920634921,0.572992701,0.572992701,0.572992701,0.484,0.484,0.484
2387200,0.907063197,0.907063197,0.907063197,0.860215054,0.860215054,0.860215054,0.511363636,0.511363636,0.511363636,0.209821429,0.209821429,0.209821429,0.381818182,0.381818182,0.381818182,0.932806324,0.932806324,0.932806324,0.559440559,0.559440559,0.559440559,0.495535714,0.495535714,0.495535714
2403200,0.900369004,0.900369004,0.900369004,0.823104693,0.823104693,0.823104693,0.447513812,0.447513812,0.447513812,0.233944954,0.233944954,0.233944954,0.281407035,0.281407035,0.281407035,0.94214876,0.94214876,0.94214876,0.635738832,0.635738832,0.635738832,0.427350427,0.427350427,0.427350427
2419200,0.90530303,0.90530303,0.90530303,0.851449275,0.851449275,0.851449275,0.474226804,0.474226804,0.474226804,0.202970297,0.202970297,0.202970297,0.392670157,0.392670157,0.392670157,0.923766816,0.923766816,0.923766816,0.632867133,0.632867133,0.632867133,0.47257384,0.47257384,0.47257384
2435200,0.911538462,0.911538462,0.911538462,0.874509804,0.874509804,0.874509804,0.489010989,0.489010989,0.489010989,0.25,0.25,0.25,0.322033898,0.322033898,0.322033898,0.937238494,0.937238494,0.937238494,0.636042403,0.636042403,0.636042403,0.495575221,0.495575221,0.495575221
2451200,0.874074074,0.874074074,0.874074074,0.893382353,0.893382353,0.893382353,0.512987013,0.512987013,0.512987013,0.261061947,0.261061947,0.261061947,0.360730594,0.360730594,0.360730594,0.93495935,0.93495935,0.93495935,0.626760563,0.626760563,0.626760563,0.415322581,0.415322581,0.415322581
2467200,0.893382353,0.893382353,0.893382353,0.852272727,0.852272727,0.852272727,0.403614458,0.403614458,0.403614458,0.204545455,0.204545455,0.204545455,0.336492891,0.336492891,0.336492891,0.905982906,0.905982906,0.905982906,0.627586207,0.627586207,0.627586207,0.412244898,0.412244898,0.412244898
2483200,0.874551971,0.874551971,0.874551971,0.897058824,0.897058824,0.897058824,0.477777778,0.477777778,0.477777778,0.255924171,0.255924171,0.255924171,0.391304348,0.391304348,0.391304348,0.947791165,0.947791165,0.947791165,0.65625,0.65625,0.65625,0.443579767,0.443579767,0.443579767
2499200,0.911764706,0.911764706,0.911764706,0.89298893,0.89298893,0.89298893,0.496855346,0.496855346,0.496855346,0.216981132,0.216981132,0.216981132,0.392265193,0.392265193,0.392265193,0.949612403,0.949612403,0.949612403,0.663157895,0.663157895,0.663157895,0.45,0.45,0.45
2515200,0.933797909,0.933797909,0.933797909,0.90647482,0.90647482,0.90647482,0.505952381,0.505952381,0.505952381,0.327014218,0.327014218,0.327014218,0.393203883,0.393203883,0.393203883,0.93359375,0.93359375,0.93359375,0.639705882,0.639705882,0.639705882,0.435344828,0.435344828,0.435344828
2531200,0.920754717,0.920754717,0.920754717,0.883211679,0.883211679,0.883211679,0.428571429,0.428571429,0.428571429,0.221238938,0.221238938,0.221238938,0.377142857,0.377142857,0.377142857,0.932270916,0.932270916,0.932270916,0.600746269,0.600746269,0.600746269,0.473684211,0.473684211,0.473684211
2547200,0.907063197,0.907063197,0.907063197,0.886446886,0.886446886,0.886446886,0.477011494,0.477011494,0.477011494,0.282926829,0.282926829,0.282926829,0.355670103,0.355670103,0.355670103,0.893877551,0.893877551,0.893877551,0.627586207,0.627586207,0.627586207,0.457489879,0.457489879,0.457489879
2563200,0.913857678,0.913857678,0.913857678,0.859848485,0.859848485,0.859848485,0.428571429,0.428571429,0.428571429,0.209090909,0.209090909,0.209090909,0.382488479,0.382488479,0.382488479,0.955102041,0.955102041,0.955102041,0.622377622,0.622377622,0.622377622,0.479166667,0.479166667,0.479166667
2579200,0.889705882,0.889705882,0.889705882,0.894339623,0.894339623,0.894339623,0.523809524,0.523809524,0.523809524,0.241666667,0.241666667,0.241666667,0.370892019,0.370892019,0.370892019,0.937254902,0.937254902,0.937254902,0.638297872,0.638297872,0.638297872,0.473251029,0.473251029,0.473251029
2595200,0.894927536,0.894927536,0.894927536,0.891304348,0.891304348,0.891304348,0.540540541,0.540540541,0.540540541,0.243243243,0.243243243,0.243243243,0.344497608,0.344497608,0.344497608,0.931914894,0.931914894,0.931914894,0.61774744,0.61774744,0.61774744,0.467741935,0.467741935,0.467741935
2611200,0.908396947,0.908396947,0.908396947,0.882783883,0.882783883,0.882783883,0.517766497,0.517766497,0.517766497,0.214285714,0.214285714,0.214285714,0.338308458,0.338308458,0.338308458,0.93852459,0.93852459,0.93852459,0.625441696,0.625441696,0.625441696,0.441048035,0.441048035,0.441048035
2627200,0.884615385,0.884615385,0.884615385,0.877256318,0.877256318,0.877256318,0.552147239,0.552147239,0.552147239,0.230414747,0.230414747,0.230414747,0.375690608,0.375690608,0.375690608,0.931451613,0.931451613,0.931451613,0.670289855,0.670289855,0.670289855,0.407843137,0.407843137,0.407843137
2643200,0.903703704,0.903703704,0.903703704,0.915750916,0.915750916,0.915750916,0.514705882,0.514705882,0.514705882,0.247787611,0.247787611,0.247787611,0.355329949,0.355329949,0.355329949,0.933054393,0.933054393,0.933054393,0.677419355,0.677419355,0.677419355,0.434210526,0.434210526,0.434210526
2659200,0.923913043,0.923913043,0.923913043,0.89084507,0.89084507,0.89084507,0.471264368,0.471264368,0.471264368,0.255102041,0.255102041,0.255102041,0.377272727,0.377272727,0.377272727,0.978540773,0.978540773,0.978540773,0.594501718,0.594501718,0.594501718,0.424369748,0.424369748,0.424369748
2675200,0.928825623,0.928825623,0.928825623,0.905109489,0.905109489,0.905109489,0.464480874,0.464480874,0.464480874,0.208955224,0.208955224,0.208955224,0.378109453,0.378109453,0.378109453,0.939759036,0.939759036,0.939759036,0.618705036,0.618705036,0.618705036,0.433884298,0.433884298,0.433884298
2691200,0.882129278,0.882129278,0.882129278,0.900369004,0.900369004,0.900369004,0.512820513,0.512820513,0.512820513,0.251141553,0.251141553,0.251141553,0.381165919,0.381165919,0.381165919,0.936,0.936,0.936,0.628378378,0.628378378,0.628378378,0.432038835,0.432038835,0.432038835
2707200,0.901818182,0.901818182,0.901818182,0.882783883,0.882783883,0.882783883,0.518292683,0.518292683,0.518292683,0.226086957,0.226086957,0.226086957,0.353535354,0.353535354,0.353535354,0.956175299,0.956175299,0.956175299,0.625,0.625,0.625,0.456621005,0.456621005,0.456621005
2723200,0.927272727,0.927272727,0.927272727,0.854545455,0.854545455,0.854545455,0.497175141,0.497175141,0.497175141,0.216589862,0.216589862,0.216589862,0.357142857,0.357142857,0.357142857,0.945833333,0.945833333,0.945833333,0.588028169,0.588028169,0.588028169,0.506329114,0.506329114,0.506329114
2739200,0.901098901,0.901098901,0.901098901,0.87732342,0.87732342,0.87732342,0.553571429,0.553571429,0.553571429,0.251282051,0.251282051,0.251282051,0.30733945,0.30733945,0.30733945,0.945606695,0.945606695,0.945606695,0.689285714,0.689285714,0.689285714,0.477477477,0.477477477,0.477477477
2755200,0.909090909,0.909090909,0.909090909,0.896428571,0.896428571,0.896428571,0.541899441,0.541899441,0.541899441,0.265957447,0.265957447,0.265957447,0.387850467,0.387850467,0.387850467,0.92481203,0.92481203,0.92481203,0.619377163,0.619377163,0.619377163,0.476190476,0.476190476,0.476190476
2771200,0.874524715,0.874524715,0.874524715,0.89298893,0.89298893,0.89298893,0.534313725,0.534313725,0.534313725,0.282828283,0.282828283,0.282828283,0.37254902,0.37254902,0.37254902,0.96124031,0.96124031,0.96124031,0.630662021,0.630662021,0.630662021,0.481481481,0.481481481,0.481481481
2787200,0.914285714,0.914285714,0.914285714,0.897435897,0.897435897,0.897435897,0.417177914,0.417177914,0.417177914,0.239819005,0.239819005,0.239819005,0.355191257,0.355191257,0.355191257,0.929961089,0.929961089,0.929961089,0.597269625,0.597269625,0.597269625,0.537444934,0.537444934,0.537444934
2803200,0.915129151,0.915129151,0.915129151,0.872659176,0.872659176,0.872659176,0.552941176,0.552941176,0.552941176,0.204444444,0.204444444,0.204444444,0.342723005,0.342723005,0.342723005,0.951020408,0.951020408,0.951020408,0.664285714,0.664285714,0.664285714,0.534246575,0.534246575,0.534246575
2819200,0.882129278,0.882129278,0.882129278,0.912408759,0.912408759,0.912408759,0.477272727,0.477272727,0.477272727,0.264550265,0.264550265,0.264550265,0.388888889,0.388888889,0.388888889,0.976377953,0.976377953,0.976377953,0.705882353,0.705882353,0.705882353,0.483050847,0.483050847,0.483050847
2835200,0.878228782,0.878228782,0.878228782,0.916967509,0.916967509,0.916967509,0.508982036,0.508982036,0.508982036,0.202643172,0.202643172,0.202643172,0.388601036,0.388601036,0.388601036,0.969348659,0.969348659,0.969348659,0.653710247,0.653710247,0.653710247,0.467248908,0.467248908,0.467248908
2851200,0.923913043,0.923913043,0.923913043,0.896678967,0.896678967,0.896678967,0.476439791,0.476439791,0.476439791,0.262443439,0.262443439,0.262443439,0.378947368,0.378947368,0.378947368,0.958158996,0.958158996,0.958158996,0.609427609,0.609427609,0.609427609,0.497652582,0.497652582,0.497652582
2867200,0.896678967,0.896678967,0.896678967,0.895306859,0.895306859,0.895306859,0.494444444,0.494444444,0.494444444,0.26635514,0.26635514,0.26635514,0.345177665,0.345177665,0.345177665,0.976095618,0.976095618,0.976095618,0.625,0.625,0.625,0.534782609,0.534782609,0.534782609
2883200,0.941605839,0.941605839,0.941605839,0.917562724,0.917562724,0.917562724,0.570552147,0.570552147,0.570552147,0.213270142,0.213270142,0.213270142,0.347826087,0.347826087,0.347826087,0.95202952,0.95202952,0.95202952,0.662116041,0.662116041,0.662116041,0.502538071,0.502538071,0.502538071
2899200,0.888086643,0.888086643,0.888086643,0.887640449,0.887640449,0.887640449,0.513661202,0.513661202,0.513661202,0.275229358,0.275229358,0.275229358,0.358851675,0.358851675,0.358851675,0.95505618,0.95505618,0.95505618,0.675767918,0.675767918,0.675767918,0.518691589,0.518691589,0.518691589
2915200,0.866171004,0.866171004,0.866171004,0.890909091,0.890909091,0.890909091,0.465408805,0.465408805,0.465408805,0.231481481,0.231481481,0.231481481,0.368131868,0.368131868,0.368131868,0.958333333,0.958333333,0.958333333,0.557823129,0.557823129,0.557823129,0.447488584,0.447488584,0.447488584
2931200,0.913978495,0.913978495,0.913978495,0.888059701,0.888059701,0.888059701,0.493902439,0.493902439,0.493902439,0.223958333,0.223958333,0.223958333,0.339712919,0.339712919,0.339712919,0.9609375,0.9609375,0.9609375,0.548821549,0.548821549,0.548821549,0.464454976,0.464454976,0.464454976
2947200,0.916967509,0.916967509,0.916967509,0.915441176,0.915441176,0.915441176,0.445652174,0.445652174,0.445652174,0.254807692,0.254807692,0.254807692,0.349282297,0.349282297,0.349282297,0.968503937,0.968503937,0.968503937,0.5221843,0.5221843,0.5221843,0.502222222,0.502222222,0.502222222
2963200,0.906614786,0.906614786,0.906614786,0.901459854,0.901459854,0.901459854,0.577540107,0.577540107,0.577540107,0.219047619,0.219047619,0.219047619,0.36744186,0.36744186,0.36744186,0.966165414,0.966165414,0.966165414,0.554794521,0.554794521,0.554794521,0.487394958,0.487394958,0.487394958
2979200,0.893939394,0.893939394,0.893939394,0.907749077,0.907749077,0.907749077,0.45625,0.45625,0.45625,0.235555556,0.235555556,0.235555556,0.386597938,0.386597938,0.386597938,0.985454545,0.985454545,0.985454545,0.549488055,0.549488055,0.549488055,0.488188976,0.488188976,0.488188976
2995200,0.918918919,0.918918919,0.918918919,0.942028986,0.942028986,0.942028986,0.441860465,0.441860465,0.441860465,0.228448276,0.228448276,0.228448276,0.363636364,0.363636364,0.363636364,0.962825279,0.962825279,0.962825279,0.567567568,0.567567568,0.567567568,0.516,0.516,0.516
3011200,0.902173913,0.902173913,0.902173913,0.914285714,0.914285714,0.914285714,0.543352601,0.543352601,0.543352601,0.225961538,0.225961538,0.225961538,0.406698565,0.406698565,0.406698565,0.961389961,0.961389961,0.961389961,0.543859649,0.543859649,0.543859649,0.504132231,0.504132231,0.504132231
3027200,0.849056604,0.849056604,0.849056604,0.910780669,0.910780669,0.910780669,0.535885167,0.535885167,0.535885167,0.195348837,0.195348837,0.195348837,0.325,0.325,0.325,0.966666667,0.966666667,0.966666667,0.628378378,0.628378378,0.628378378,0.464435146,0.464435146,0.464435146
3043200,0.899253731,0.899253731,0.899253731,0.927272727,0.927272727,0.927272727,0.430379747,0.430379747,0.430379747,0.205607477,0.205607477,0.205607477,0.382198953,0.382198953,0.382198953,0.942965779,0.942965779,0.942965779,0.603448276,0.603448276,0.603448276,0.537777778,0.537777778,0.537777778
3059200,0.919117647,0.919117647,0.919117647,0.9390681,0.9390681,0.9390681,0.502673797,0.502673797,0.502673797,0.255102041,0.255102041,0.255102041,0.344339623,0.344339623,0.344339623,0.968,0.968,0.968,0.615646259,0.615646259,0.615646259,0.518987342,0.518987342,0.518987342
3075200,0.896296296,0.896296296,0.896296296,0.897058824,0.897058824,0.897058824,0.511363636,0.511363636,0.511363636,0.241860465,0.241860465,0.241860465,0.425742574,0.425742574,0.425742574,0.966542751,0.966542751,0.966542751,0.571917808,0.571917808,0.571917808,0.537735849,0.537735849,0.537735849
3091200,0.908424908,0.908424908,0.908424908,0.908450704,0.908450704,0.908450704,0.508108108,0.508108108,0.508108108,0.279816514,0.279816514,0.279816514,0.34741784,0.34741784,0.34741784,0.971774194,0.971774194,0.971774194,0.636054422,0.636054422,0.636054422,0.606557377,0.606557377,0.606557377
3107200,0.901185771,0.901185771,0.901185771,0.917857143,0.917857143,0.917857143,0.502702703,0.502702703,0.502702703,0.24137931,0.24137931,0.24137931,0.365740741,0.365740741,0.365740741,0.958955224,0.958955224,0.958955224,0.62962963,0.62962963,0.62962963,0.52016129,0.52016129,0.52016129
3123200,0.91958042,0.91958042,0.91958042,0.930656934,0.930656934,0.930656934,0.537234043,0.537234043,0.537234043,0.216216216,0.216216216,0.216216216,0.330188679,0.330188679,0.330188679,0.965384615,0.965384615,0.965384615,0.592465753,0.592465753,0.592465753,0.536585366,0.536585366,0.536585366
3139200,0.935018051,0.935018051,0.935018051,0.908424908,0.908424908,0.908424908,0.553763441,0.553763441,0.553763441,0.259259259,0.259259259,0.259259259,0.291262136,0.291262136,0.291262136,0.951020408,0.951020408,0.951020408,0.57337884,0.57337884,0.57337884,0.542857143,0.542857143,0.542857143
3155200,0.912727273,0.912727273,0.912727273,0.912408759,0.912408759,0.912408759,0.514423077,0.514423077,0.514423077,0.281553398,0.281553398,0.281553398,0.407608696,0.407608696,0.407608696,0.970149254,0.970149254,0.970149254,0.613013699,0.613013699,0.613013699,0.513274336,0.513274336,0.513274336
3171200,0.927536232,0.927536232,0.927536232,0.896428571,0.896428571,0.896428571,0.5,0.5,0.5,0.285714286,0.285714286,0.285714286,0.346153846,0.346153846,0.346153846,0.972222222,0.972222222,0.972222222,0.62283737,0.62283737,0.62283737,0.568376068,0.568376068,0.568376068
3187200,0.905109489,0.905109489,0.905109489,0.897526502,0.897526502,0.897526502,0.49112426,0.49112426,0.49112426,0.253807107,0.253807107,0.253807107,0.375,0.375,0.375,0.958015267,0.958015267,0.958015267,0.62244898,0.62244898,0.62244898,0.525641026,0.525641026,0.525641026
3203200,0.917910448,0.917910448,0.917910448,0.930313589,0.930313589,0.930313589,0.532967033,0.532967033,0.532967033,0.233009709,0.233009709,0.233009709,0.33,0.33,0.33,0.944237918,0.944237918,0.944237918,0.585034014,0.585034014,0.585034014,0.452380952,0.452380952,0.452380952
3219200,0.925,0.925,0.925,0.910394265,0.910394265,0.910394265,0.481283422,0.481283422,0.481283422,0.204545455,0.204545455,0.204545455,0.405263158,0.405263158,0.405263158,0.943820225,0.943820225,0.943820225,0.598662207,0.598662207,0.598662207,0.518367347,0.518367347,0.518367347
3235200,0.93594306,0.93594306,0.93594306,0.913978495,0.913978495,0.913978495,0.531073446,0.531073446,0.531073446,0.224880383,0.224880383,0.224880383,0.400943396,0.400943396,0.400943396,0.948717949,0.948717949,0.948717949,0.62962963,0.62962963,0.62962963,0.502183406,0.502183406,0.502183406
3251200,0.928301887,0.928301887,0.928301887,0.90942029,0.90942029,0.90942029,0.553846154,0.553846154,0.553846154,0.290322581,0.290322581,0.290322581,0.360406091,0.360406091,0.360406091,0.944444444,0.944444444,0.944444444,0.55862069,0.55862069,0.55862069,0.502040816,0.502040816,0.502040816
3267200,0.908088235,0.908088235,0.908088235,0.920863309,0.920863309,0.920863309,0.528409091,0.528409091,0.528409091,0.282178218,0.282178218,0.282178218,0.334975369,0.334975369,0.334975369,0.960431655,0.960431655,0.960431655,0.667832168,0.667832168,0.667832168,0.540084388,0.540084388,0.540084388
3283200,0.949640288,0.949640288,0.949640288,0.921708185,0.921708185,0.921708185,0.484536082,0.484536082,0.484536082,0.223255814,0.223255814,0.223255814,0.381443299,0.381443299,0.381443299,0.949640288,0.949640288,0.949640288,0.648083624,0.648083624,0.648083624,0.532258065,0.532258065,0.532258065
3299200,0.952941176,0.952941176,0.952941176,0.953571429,0.953571429,0.953571429,0.5,0.5,0.5,0.210526316,0.210526316,0.210526316,0.395121951,0.395121951,0.395121951,0.96,0.96,0.96,0.628378378,0.628378378,0.628378378,0.529661017,0.529661017,0.529661017
3315200,0.906976744,0.906976744,0.906976744,0.932624113,0.932624113,0.932624113,0.518324607,0.518324607,0.518324607,0.219626168,0.219626168,0.219626168,0.347826087,0.347826087,0.347826087,0.967857143,0.967857143,0.967857143,0.62116041,0.62116041,0.62116041,0.518218623,0.518218623,0.518218623
3331200,0.933579336,0.933579336,0.933579336,0.920289855,0.920289855,0.920289855,0.592783505,0.592783505,0.592783505,0.182222222,0.182222222,0.182222222,0.31840796,0.31840796,0.31840796,0.962686567,0.962686567,0.962686567,0.608695652,0.608695652,0.608695652,0.5,0.5,0.5
3347200,0.941818182,0.941818182,0.941818182,0.915750916,0.915750916,0.915750916,0.52020202,0.52020202,0.52020202,0.231155779,0.231155779,0.231155779,0.38172043,0.38172043,0.38172043,0.981132075,0.981132075,0.981132075,0.616438356,0.616438356,0.616438356,0.564655172,0.564655172,0.564655172
3363200,0.943859649,0.943859649,0.943859649,0.935483871,0.935483871,0.935483871,0.529069767,0.529069767,0.529069767,0.201923077,0.201923077,0.201923077,0.382978723,0.382978723,0.382978723,0.982206406,0.982206406,0.982206406,0.640569395,0.640569395,0.640569395,0.487903226,0.487903226,0.487903226
3379200,0.959107807,0.959107807,0.959107807,0.952380952,0.952380952,0.952380952,0.535714286,0.535714286,0.535714286,0.319248826,0.319248826,0.319248826,0.425,0.425,0.425,0.978723404,0.978723404,0.978723404,0.613013699,0.613013699,0.613013699,0.514285714,0.514285714,0.514285714
3395200,0.910780669,0.910780669,0.910780669,0.916083916,0.916083916,0.916083916,0.438596491,0.438596491,0.438596491,0.226851852,0.226851852,0.226851852,0.348039216,0.348039216,0.348039216,0.964028777,0.964028777,0.964028777,0.648550725,0.648550725,0.648550725,0.560344828,0.560344828,0.560344828
3411200,0.946043165,0.946043165,0.946043165,0.934545455,0.934545455,0.934545455,0.586592179,0.586592179,0.586592179,0.230366492,0.230366492,0.230366492,0.335260116,0.335260116,0.335260116,0.974820144,0.974820144,0.974820144,0.619217082,0.619217082,0.619217082,0.564655172,0.564655172,0.564655172
3427200,0.95505618,0.95505618,0.95505618,0.946996466,0.946996466,0.946996466,0.523809524,0.523809524,0.523809524,0.178899083,0.178899083,0.178899083,0.33640553,0.33640553,0.33640553,0.97833935,0.97833935,0.97833935,0.537671233,0.537671233,0.537671233,0.535714286,0.535714286,0.535714286
3443200,0.926315789,0.926315789,0.926315789,0.960431655,0.960431655,0.960431655,0.5,0.5,0.5,0.248780488,0.248780488,0.248780488,0.400966184,0.400966184,0.400966184,0.974264706,0.974264706,0.974264706,0.575645756,0.575645756,0.575645756,0.556016598,0.556016598,0.556016598
3459200,0.941176471,0.941176471,0.941176471,0.934782609,0.934782609,0.934782609,0.514619883,0.514619883,0.514619883,0.191780822,0.191780822,0.191780822,0.313364055,0.313364055,0.313364055,0.949458484,0.949458484,0.949458484,0.576335878,0.576335878,0.576335878,0.508928571,0.508928571,0.508928571
3475200,0.933333333,0.933333333,0.933333333,0.88,0.88,0.88,0.533707865,0.533707865,0.533707865,0.25462963,0.25462963,0.25462963,0.39,0.39,0.39,0.960854093,0.960854093,0.960854093,0.643356643,0.643356643,0.643356643,0.565737052,0.565737052,0.565737052
3491200,0.941605839,0.941605839,0.941605839,0.935483871,0.935483871,0.935483871,0.6,0.6,0.6,0.20361991,0.20361991,0.20361991,0.333333333,0.333333333,0.333333333,0.952727273,0.952727273,0.952727273,0.701438849,0.701438849,0.701438849,0.549586777,0.549586777,0.549586777
3507200,0.96350365,0.96350365,0.96350365,0.926573427,0.926573427,0.926573427,0.547486034,0.547486034,0.547486034,0.202898551,0.202898551,0.202898551,0.357843137,0.357843137,0.357843137,0.977859779,0.977859779,0.977859779,0.64084507,0.64084507,0.64084507,0.493449782,0.493449782,0.493449782
3523200,0.960714286,0.960714286,0.960714286,0.960144928,0.960144928,0.960144928,0.502762431,0.502762431,0.502762431,0.232323232,0.232323232,0.232323232,0.416267943,0.416267943,0.416267943,0.982014388,0.982014388,0.982014388,0.644444444,0.644444444,0.644444444,0.560669456,0.560669456,0.560669456
3539200,0.968531469,0.968531469,0.968531469,0.932142857,0.932142857,0.932142857,0.474576271,0.474576271,0.474576271,0.279411765,0.279411765,0.279411765,0.351351351,0.351351351,0.351351351,0.982394366,0.982394366,0.982394366,0.614285714,0.614285714,0.614285714,0.506493506,0.506493506,0.506493506
3555200,0.932384342,0.932384342,0.932384342,0.95620438,0.95620438,0.95620438,0.515151515,0.515151515,0.515151515,0.253731343,0.253731343,0.253731343,0.331730769,0.331730769,0.331730769,0.971631206,0.971631206,0.971631206,0.651567944,0.651567944,0.651567944,0.563559322,0.563559322,0.563559322
3571200,0.945255474,0.945255474,0.945255474,0.923076923,0.923076923,0.923076923,0.537313433,0.537313433,0.537313433,0.285067873,0.285067873,0.285067873,0.351758794,0.351758794,0.351758794,0.964412811,0.964412811,0.964412811,0.644444444,0.644444444,0.644444444,0.534979424,0.534979424,0.534979424
3587200,0.954225352,0.954225352,0.954225352,0.918149466,0.918149466,0.918149466,0.541176471,0.541176471,0.541176471,0.320754717,0.320754717,0.320754717,0.386934673,0.386934673,0.386934673,0.971014493,0.971014493,0.971014493,0.652329749,0.652329749,0.652329749,0.5,0.5,0.5
3603200,0.931818182,0.931818182,0.931818182,0.933333333,0.933333333,0.933333333,0.463276836,0.463276836,0.463276836,0.207207207,0.207207207,0.207207207,0.39047619,0.39047619,0.39047619,0.947368421,0.947368421,0.947368421,0.681818182,0.681818182,0.681818182,0.5125,0.5125,0.5125
3619200,0.960144928,0.960144928,0.960144928,0.936842105,0.936842105,0.936842105,0.5,0.5,0.5,0.251162791,0.251162791,0.251162791,0.341232227,0.341232227,0.341232227,0.98490566,0.98490566,0.98490566,0.680851064,0.680851064,0.680851064,0.476793249,0.476793249,0.476793249
3635200,0.967153285,0.967153285,0.967153285,0.942238267,0.942238267,0.942238267,0.569536424,0.569536424,0.569536424,0.227906977,0.227906977,0.227906977,0.39408867,0.39408867,0.39408867,0.961267606,0.961267606,0.961267606,0.665467626,0.665467626,0.665467626,0.569672131,0.569672131,0.569672131
3651200,0.959107807,0.959107807,0.959107807,0.924460432,0.924460432,0.924460432,0.468599034,0.468599034,0.468599034,0.202764977,0.202764977,0.202764977,0.444444444,0.444444444,0.444444444,0.939929329,0.939929329,0.939929329,0.670175439,0.670175439,0.670175439,0.534136546,0.534136546,0.534136546
3667200,0.910394265,0.910394265,0.910394265,0.939501779,0.939501779,0.939501779,0.48125,0.48125,0.48125,0.225352113,0.225352113,0.225352113,0.376884422,0.376884422,0.376884422,0.97810219,0.97810219,0.97810219,0.606617647,0.606617647,0.606617647,0.502040816,0.502040816,0.502040816
3683200,0.947183099,0.947183099,0.947183099,0.928825623,0.928825623,0.928825623,0.48255814,0.48255814,0.48255814,0.273631841,0.273631841,0.273631841,0.370892019,0.370892019,0.370892019,0.967857143,0.967857143,0.967857143,0.621527778,0.621527778,0.621527778,0.481012658,0.481012658,0.481012658
3699200,0.95970696,0.95970696,0.95970696,0.964157706,0.964157706,0.964157706,0.538461538,0.538461538,0.538461538,0.248677249,0.248677249,0.248677249,0.301886792,0.301886792,0.301886792,0.988549618,0.988549618,0.988549618,0.674074074,0.674074074,0.674074074,0.47008547,0.47008547,0.47008547
3715200,0.967741935,0.967741935,0.967741935,0.925531915,0.925531915,0.925531915,0.520467836,0.520467836,0.520467836,0.254807692,0.254807692,0.254807692,0.36492891,0.36492891,0.36492891,0.985294118,0.985294118,0.985294118,0.645390071,0.645390071,0.645390071,0.465517241,0.465517241,0.465517241
3731200,0.953571429,0.953571429,0.953571429,0.928571429,0.928571429,0.928571429,0.472361809,0.472361809,0.472361809,0.223404255,0.223404255,0.223404255,0.375,0.375,0.375,0.971119134,0.971119134,0.971119134,0.691489362,0.691489362,0.691489362,0.483333333,0.483333333,0.483333333
3747200,0.957142857,0.957142857,0.957142857,0.928825623,0.928825623,0.928825623,0.541935484,0.541935484,0.541935484,0.275229358,0.275229358,0.275229358,0.456852792,0.456852792,0.456852792,0.964412811,0.964412811,0.964412811,0.703180212,0.703180212,0.703180212,0.49339207,0.49339207,0.49339207
3763200,0.985454545,0.985454545,0.985454545,0.93639576,0.93639576,0.93639576,0.502702703,0.502702703,0.502702703,0.214953271,0.214953271,0.214953271,0.476683938,0.476683938,0.476683938,0.960854093,0.960854093,0.960854093,0.640138408,0.640138408,0.640138408,0.428571429,0.428571429,0.428571429
3779200,0.957597173,0.957597173,0.957597173,0.947735192,0.947735192,0.947735192,0.502645503,0.502645503,0.502645503,0.236111111,0.236111111,0.236111111,0.458128079,0.458128079,0.458128079,0.972125436,0.972125436,0.972125436,0.660839161,0.660839161,0.660839161,0.456066946,0.456066946,0.456066946
3795200,0.95890411,0.95890411,0.95890411,0.946619217,0.946619217,0.946619217,0.55801105,0.55801105,0.55801105,0.208333333,0.208333333,0.208333333,0.385416667,0.385416667,0.385416667,0.968309859,0.968309859,0.968309859,0.6875,0.6875,0.6875,0.451754386,0.451754386,0.451754386
3811200,0.922794118,0.922794118,0.922794118,0.965397924,0.965397924,0.965397924,0.50867052,0.50867052,0.50867052,0.231111111,0.231111111,0.231111111,0.418604651,0.418604651,0.418604651,0.974452555,0.974452555,0.974452555,0.715277778,0.715277778,0.715277778,0.490118577,0.490118577,0.490118577
3827200,0.968421053,0.968421053,0.968421053,0.924731183,0.924731183,0.924731183,0.510309278,0.510309278,0.510309278,0.30952381,0.30952381,0.30952381,0.467980296,0.467980296,0.467980296,0.992882562,0.992882562,0.992882562,0.648464164,0.648464164,0.648464164,0.43902439,0.43902439,0.43902439
3843200,0.947183099,0.947183099,0.947183099,0.939929329,0.939929329,0.939929329,0.508196721,0.508196721,0.508196721,0.225531915,0.225531915,0.225531915,0.421568627,0.421568627,0.421568627,0.978647687,0.978647687,0.978647687,0.653710247,0.653710247,0.653710247,0.459677419,0.459677419,0.459677419
3859200,0.944636678,0.944636678,0.944636678,0.943060498,0.943060498,0.943060498,0.540697674,0.540697674,0.540697674,0.197115385,0.197115385,0.197115385,0.38317757,0.38317757,0.38317757,0.985663082,0.985663082,0.985663082,0.704081633,0.704081633,0.704081633,0.454183267,0.454183267,0.454183267
3875200,0.960854093,0.960854093,0.960854093,0.95532646,0.95532646,0.95532646,0.448275862,0.448275862,0.448275862,0.246445498,0.246445498,0.246445498,0.400990099,0.400990099,0.400990099,0.989051095,0.989051095,0.989051095,0.675862069,0.675862069,0.675862069,0.366812227,0.366812227,0.366812227
3891200,0.956989247,0.956989247,0.956989247,0.950877193,0.950877193,0.950877193,0.517766497,0.517766497,0.517766497,0.247826087,0.247826087,0.247826087,0.356321839,0.356321839,0.356321839,0.985915493,0.985915493,0.985915493,0.717948718,0.717948718,0.717948718,0.446721311,0.446721311,0.446721311
3907200,0.961130742,0.961130742,0.961130742,0.922261484,0.922261484,0.922261484,0.497076023,0.497076023,0.497076023,0.231884058,0.231884058,0.231884058,0.436619718,0.436619718,0.436619718,0.968085106,0.968085106,0.968085106,0.668965517,0.668965517,0.668965517,0.5,0.5,0.5
3923200,0.965277778,0.965277778,0.965277778,0.94095941,0.94095941,0.94095941,0.508196721,0.508196721,0.508196721,0.217592593,0.217592593,0.217592593,0.389162562,0.389162562,0.389162562,0.985714286,0.985714286,0.985714286,0.715753425,0.715753425,0.715753425,0.448979592,0.448979592,0.448979592
3939200,0.957894737,0.957894737,0.957894737,0.932624113,0.932624113,0.932624113,0.502645503,0.502645503,0.502645503,0.233502538,0.233502538,0.233502538,0.36407767,0.36407767,0.36407767,0.981617647,0.981617647,0.981617647,0.733564014,0.733564014,0.733564014,0.435897436,0.435897436,0.435897436
3955200,0.967153285,0.967153285,0.967153285,0.919117647,0.919117647,0.919117647,0.467391304,0.467391304,0.467391304,0.221105528,0.221105528,0.221105528,0.4,0.4,0.4,0.98245614,0.98245614,0.98245614,0.698630137,0.698630137,0.698630137,0.502222222,0.502222222,0.502222222
3971200,0.955172414,0.955172414,0.955172414,0.928571429,0.928571429,0.928571429,0.489690722,0.489690722,0.489690722,0.262910798,0.262910798,0.262910798,0.461538462,0.461538462,0.461538462,0.98943662,0.98943662,0.98943662,0.632508834,0.632508834,0.632508834,0.395348837,0.395348837,0.395348837
3987200,0.975438596,0.975438596,0.975438596,0.975352113,0.975352113,0.975352113,0.494382022,0.494382022,0.494382022,0.237209302,0.237209302,0.237209302,0.407407407,0.407407407,0.407407407,0.985865724,0.985865724,0.985865724,0.708185053,0.708185053,0.708185053,0.469827586,0.469827586,0.469827586
4003200,0.948096886,0.948096886,0.948096886,0.961672474,0.961672474,0.961672474,0.48502994,0.48502994,0.48502994,0.232758621,0.232758621,0.232758621,0.437837838,0.437837838,0.437837838,0.978873239,0.978873239,0.978873239,0.666666667,0.666666667,0.666666667,0.436507937,0.436507937,0.436507937
4019200,0.944444444,0.944444444,0.944444444,0.952554745,0.952554745,0.952554745,0.511111111,0.511111111,0.511111111,0.189873418,0.189873418,0.189873418,0.374358974,0.374358974,0.374358974,0.971530249,0.971530249,0.971530249,0.715789474,0.715789474,0.715789474,0.485596708,0.485596708,0.485596708
4035200,0.929824561,0.929824561,0.929824561,0.963235294,0.963235294,0.963235294,0.494505495,0.494505495,0.494505495,0.251256281,0.251256281,0.251256281,0.391959799,0.391959799,0.391959799,0.989473684,0.989473684,0.989473684,0.679442509,0.679442509,0.679442509,0.43373494,0.43373494,0.43373494
4051200,0.943661972,0.943661972,0.943661972,0.941176471,0.941176471,0.941176471,0.461956522,0.461956522,0.461956522,0.234513274,0.234513274,0.234513274,0.386792453,0.386792453,0.386792453,0.961403509,0.961403509,0.961403509,0.694915254,0.694915254,0.694915254,0.458515284,0.458515284,0.458515284
4067200,0.945255474,0.945255474,0.945255474,0.964788732,0.964788732,0.964788732,0.517766497,0.517766497,0.517766497,0.306220096,0.306220096,0.306220096,0.411167513,0.411167513,0.411167513,0.98245614,0.98245614,0.98245614,0.697594502,0.697594502,0.697594502,0.435344828,0.435344828,0.435344828
4083200,0.932384342,0.932384342,0.932384342,0.943462898,0.943462898,0.943462898,0.494252874,0.494252874,0.494252874,0.283105023,0.283105023,0.283105023,0.475961538,0.475961538,0.475961538,0.975352113,0.975352113,0.975352113,0.631756757,0.631756757,0.631756757,0.522821577,0.522821577,0.522821577
4099200,0.950704225,0.950704225,0.950704225,0.953900709,0.953900709,0.953900709,0.556701031,0.556701031,0.556701031,0.225352113,0.225352113,0.225352113,0.421052632,0.421052632,0.421052632,0.985559567,0.985559567,0.985559567,0.670068027,0.670068027,0.670068027,0.474509804,0.474509804,0.474509804
4115200,0.943661972,0.943661972,0.943661972,0.925795053,0.925795053,0.925795053,0.52688172,0.52688172,0.52688172,0.236363636,0.236363636,0.236363636,0.387254902,0.387254902,0.387254902,0.982332155,0.982332155,0.982332155,0.702797203,0.702797203,0.702797203,0.506726457,0.506726457,0.506726457
4131200,0.975778547,0.975778547,0.975778547,0.925093633,0.925093633,0.925093633,0.482954545,0.482954545,0.482954545,0.208121827,0.208121827,0.208121827,0.392045455,0.392045455,0.392045455,0.979020979,0.979020979,0.979020979,0.691780822,0.691780822,0.691780822,0.50862069,0.50862069,0.50862069
4147200,0.950177936,0.950177936,0.950177936,0.926470588,0.926470588,0.926470588,0.494117647,0.494117647,0.494117647,0.175213675,0.175213675,0.175213675,0.433497537,0.433497537,0.433497537,0.971830986,0.971830986,0.971830986,0.65448505,0.65448505,0.65448505,0.441295547,0.441295547,0.441295547
4163200,0.958188153,0.958188153,0.958188153,0.946996466,0.946996466,0.946996466,0.553763441,0.553763441,0.553763441,0.241706161,0.241706161,0.241706161,0.461139896,0.461139896,0.461139896,0.982517483,0.982517483,0.982517483,0.658273381,0.658273381,0.658273381,0.491596639,0.491596639,0.491596639
4179200,0.935483871,0.935483871,0.935483871,0.901639344,0.901639344,0.901639344,0.52284264,0.52284264,0.52284264,0.246073298,0.246073298,0.246073298,0.360406091,0.360406091,0.360406091,0.978647687,0.978647687,0.978647687,0.674825175,0.674825175,0.674825175,0.42173913,0.42173913,0.42173913
4195200,0.960992908,0.960992908,0.960992908,0.90942029,0.90942029,0.90942029,0.530864198,0.530864198,0.530864198,0.245535714,0.245535714,0.245535714,0.358851675,0.358851675,0.358851675,0.992753623,0.992753623,0.992753623,0.676363636,0.676363636,0.676363636,0.425,0.425,0.425
4211200,0.951219512,0.951219512,0.951219512,0.944444444,0.944444444,0.944444444,0.558139535,0.558139535,0.558139535,0.187772926,0.187772926,0.187772926,0.425,0.425,0.425,0.992882562,0.992882562,0.992882562,0.665517241,0.665517241,0.665517241,0.37704918,0.37704918,0.37704918
4227200,0.953405018,0.953405018,0.953405018,0.922261484,0.922261484,0.922261484,0.514285714,0.514285714,0.514285714,0.262443439,0.262443439,0.262443439,0.392156863,0.392156863,0.392156863,0.986254296,0.986254296,0.986254296,0.659649123,0.659649123,0.659649123,0.458167331,0.458167331,0.458167331
4243200,0.952898551,0.952898551,0.952898551,0.9375,0.9375,0.9375,0.522222222,0.522222222,0.522222222,0.270935961,0.270935961,0.270935961,0.43902439,0.43902439,0.43902439,0.975,0.975,0.975,0.729927007,0.729927007,0.729927007,0.427983539,0.427983539,0.427983539
4259200,0.929078014,0.929078014,0.929078014,0.963369963,0.963369963,0.963369963,0.560606061,0.560606061,0.560606061,0.210526316,0.210526316,0.210526316,0.368715084,0.368715084,0.368715084,0.971830986,0.971830986,0.971830986,0.720430108,0.720430108,0.720430108,0.426829268,0.426829268,0.426829268
4275200,0.919298246,0.919298246,0.919298246,0.9375,0.9375,0.9375,0.471264368,0.471264368,0.471264368,0.264705882,0.264705882,0.264705882,0.427860697,0.427860697,0.427860697,0.996551724,0.996551724,0.996551724,0.646428571,0.646428571,0.646428571,0.400809717,0.400809717,0.400809717
4291200,0.961403509,0.961403509,0.961403509,0.96819788,0.96819788,0.96819788,0.48241206,0.48241206,0.48241206,0.190265487,0.190265487,0.190265487,0.407035176,0.407035176,0.407035176,0.996539792,0.996539792,0.996539792,0.667910448,0.667910448,0.667910448,0.413793103,0.413793103,0.413793103
4307200,0.939929329,0.939929329,0.939929329,0.961805556,0.961805556,0.961805556,0.506329114,0.506329114,0.506329114,0.210526316,0.210526316,0.210526316,0.370165746,0.370165746,0.370165746,0.992982456,0.992982456,0.992982456,0.721014493,0.721014493,0.721014493,0.415686275,0.415686275,0.415686275
4323200,0.957894737,0.957894737,0.957894737,0.95035461,0.95035461,0.95035461,0.534482759,0.534482759,0.534482759,0.246696035,0.246696035,0.246696035,0.370165746,0.370165746,0.370165746,0.993031359,0.993031359,0.993031359,0.676470588,0.676470588,0.676470588,0.396624473,0.396624473,0.396624473
4339200,0.957597173,0.957597173,0.957597173,0.953068592,0.953068592,0.953068592,0.494897959,0.494897959,0.494897959,0.247863248,0.247863248,0.247863248,0.427807487,0.427807487,0.427807487,0.989547038,0.989547038,0.989547038,0.78057554,0.78057554,0.78057554,0.407894737,0.407894737,0.407894737
4355200,0.961538462,0.961538462,0.961538462,0.944055944,0.944055944,0.944055944,0.481481481,0.481481481,0.481481481,0.243119266,0.243119266,0.243119266,0.369230769,0.369230769,0.369230769,0.98943662,0.98943662,0.98943662,0.742753623,0.742753623,0.742753623,0.471774194,0.471774194,0.471774194
4371200,0.971830986,0.971830986,0.971830986,0.968085106,0.968085106,0.968085106,0.459183673,0.459183673,0.459183673,0.211267606,0.211267606,0.211267606,0.469483568,0.469483568,0.469483568,0.975,0.975,0.975,0.757462687,0.757462687,0.757462687,0.422310757,0.422310757,0.422310757
4387200,0.949090909,0.949090909,0.949090909,0.95035461,0.95035461,0.95035461,0.518716578,0.518716578,0.518716578,0.200956938,0.200956938,0.200956938,0.436548223,0.436548223,0.436548223,0.965397924,0.965397924,0.965397924,0.710144928,0.710144928,0.710144928,0.479338843,0.479338843,0.479338843
4403200,0.943262411,0.943262411,0.943262411,0.942238267,0.942238267,0.942238267,0.552941176,0.552941176,0.552941176,0.225225225,0.225225225,0.225225225,0.389423077,0.389423077,0.389423077,0.976190476,0.976190476,0.976190476,0.732394366,0.732394366,0.732394366,0.461864407,0.461864407,0.461864407
4419200,0.942028986,0.942028986,0.942028986,0.950877193,0.950877193,0.950877193,0.527173913,0.527173913,0.527173913,0.257575758,0.257575758,0.257575758,0.359813084,0.359813084,0.359813084,0.992831541,0.992831541,0.992831541,0.731958763,0.731958763,0.731958763,0.495495495,0.495495495,0.495495495
4435200,0.957142857,0.957142857,0.957142857,0.961672474,0.961672474,0.961672474,0.57,0.57,0.57,0.236453202,0.236453202,0.236453202,0.392670157,0.392670157,0.392670157,0.965517241,0.965517241,0.965517241,0.727915194,0.727915194,0.727915194,0.478448276,0.478448276,0.478448276
4451200,0.955017301,0.955017301,0.955017301,0.955017301,0.955017301,0.955017301,0.479166667,0.479166667,0.479166667,0.240740741,0.240740741,0.240740741,0.443349754,0.443349754,0.443349754,0.985815603,0.985815603,0.985815603,0.714814815,0.714814815,0.714814815,0.426229508,0.426229508,0.426229508
4467200,0.948717949,0.948717949,0.948717949,0.936170213,0.936170213,0.936170213,0.519125683,0.519125683,0.519125683,0.216346154,0.216346154,0.216346154,0.436170213,0.436170213,0.436170213,0.968085106,0.968085106,0.968085106,0.729537367,0.729537367,0.729537367,0.512295082,0.512295082,0.512295082
4483200,0.944250871,0.944250871,0.944250871,0.957597173,0.957597173,0.957597173,0.507853403,0.507853403,0.507853403,0.251256281,0.251256281,0.251256281,0.477386935,0.477386935,0.477386935,0.982394366,0.982394366,0.982394366,0.750877193,0.750877193,0.750877193,0.454935622,0.454935622,0.454935622
4499200,0.944055944,0.944055944,0.944055944,0.94137931,0.94137931,0.94137931,0.560693642,0.560693642,0.560693642,0.213675214,0.213675214,0.213675214,0.440758294,0.440758294,0.440758294,0.98951049,0.98951049,0.98951049,0.741818182,0.741818182,0.741818182,0.5,0.5,0.5
4515200,0.945054945,0.945054945,0.945054945,0.960992908,0.960992908,0.960992908,0.545945946,0.545945946,0.545945946,0.284313725,0.284313725,0.284313725,0.373563218,0.373563218,0.373563218,0.975,0.975,0.975,0.737588652,0.737588652,0.737588652,0.474789916,0.474789916,0.474789916
4531200,0.975265018,0.975265018,0.975265018,0.945848375,0.945848375,0.945848375,0.463917526,0.463917526,0.463917526,0.154545455,0.154545455,0.154545455,0.349206349,0.349206349,0.349206349,0.981949458,0.981949458,0.981949458,0.690140845,0.690140845,0.690140845,0.41563786,0.41563786,0.41563786
4547200,0.949458484,0.949458484,0.949458484,0.932624113,0.932624113,0.932624113,0.56424581,0.56424581,0.56424581,0.26,0.26,0.26,0.414141414,0.414141414,0.414141414,0.992882562,0.992882562,0.992882562,0.761403509,0.761403509,0.761403509,0.465020576,0.465020576,0.465020576
4563200,0.93006993,0.93006993,0.93006993,0.96,0.96,0.96,0.581005587,0.581005587,0.581005587,0.226130653,0.226130653,0.226130653,0.423280423,0.423280423,0.423280423,0.989399293,0.989399293,0.989399293,0.740740741,0.740740741,0.740740741,0.537190083,0.537190083,0.537190083
4579200,0.955172414,0.955172414,0.955172414,0.95,0.95,0.95,0.558659218,0.558659218,0.558659218,0.261083744,0.261083744,0.261083744,0.422885572,0.422885572,0.422885572,0.986013986,0.986013986,0.986013986,0.737410072,0.737410072,0.737410072,0.432539683,0.432539683,0.432539683
4595200,0.941176471,0.941176471,0.941176471,0.931271478,0.931271478,0.931271478,0.523316062,0.523316062,0.523316062,0.202830189,0.202830189,0.202830189,0.32460733,0.32460733,0.32460733,0.982517483,0.982517483,0.982517483,0.760299625,0.760299625,0.760299625,0.502109705,0.502109705,0.502109705
4611200,0.954545455,0.954545455,0.954545455,0.965753425,0.965753425,0.965753425,0.536082474,0.536082474,0.536082474,0.291866029,0.291866029,0.291866029,0.443243243,0.443243243,0.443243243,0.989547038,0.989547038,0.989547038,0.752851711,0.752851711,0.752851711,0.612068966,0.612068966,0.612068966
4627200,0.947183099,0.947183099,0.947183099,0.943462898,0.943462898,0.943462898,0.505555556,0.505555556,0.505555556,0.320197044,0.320197044,0.320197044,0.369230769,0.369230769,0.369230769,0.974820144,0.974820144,0.974820144,0.763250883,0.763250883,0.763250883,0.506493506,0.506493506,0.506493506
4643200,0.920962199,0.920962199,0.920962199,0.933098592,0.933098592,0.933098592,0.443925234,0.443925234,0.443925234,0.263636364,0.263636364,0.263636364,0.396984925,0.396984925,0.396984925,0.98630137,0.98630137,0.98630137,0.698113208,0.698113208,0.698113208,0.525,0.525,0.525
4659200,0.925531915,0.925531915,0.925531915,0.960573477,0.960573477,0.960573477,0.56185567,0.56185567,0.56185567,0.311320755,0.311320755,0.311320755,0.414507772,0.414507772,0.414507772,0.993055556,0.993055556,0.993055556,0.703296703,0.703296703,0.703296703,0.480176211,0.480176211,0.480176211
4675200,0.963636364,0.963636364,0.963636364,0.958333333,0.958333333,0.958333333,0.556149733,0.556149733,0.556149733,0.217592593,0.217592593,0.217592593,0.421568627,0.421568627,0.421568627,0.993006993,0.993006993,0.993006993,0.727598566,0.727598566,0.727598566,0.510460251,0.510460251,0.510460251
4691200,0.937931034,0.937931034,0.937931034,0.953571429,0.953571429,0.953571429,0.582159624,0.582159624,0.582159624,0.277777778,0.277777778,0.277777778,0.414141414,0.414141414,0.414141414,0.986348123,0.986348123,0.986348123,0.716845878,0.716845878,0.716845878,0.486842105,0.486842105,0.486842105
4707200,0.961672474,0.961672474,0.961672474,0.946808511,0.946808511,0.946808511,0.518518519,0.518518519,0.518518519,0.222222222,0.222222222,0.222222222,0.423963134,0.423963134,0.423963134,0.993103448,0.993103448,0.993103448,0.701067616,0.701067616,0.701067616,0.476190476,0.476190476,0.476190476
4723200,0.971830986,0.971830986,0.971830986,0.94265233,0.94265233,0.94265233,0.538461538,0.538461538,0.538461538,0.308457711,0.308457711,0.308457711,0.442211055,0.442211055,0.442211055,0.978723404,0.978723404,0.978723404,0.748148148,0.748148148,0.748148148,0.550925926,0.550925926,0.550925926
4739200,0.940559441,0.940559441,0.940559441,0.96875,0.96875,0.96875,0.588888889,0.588888889,0.588888889,0.251184834,0.251184834,0.251184834,0.367875648,0.367875648,0.367875648,0.970037453,0.970037453,0.970037453,0.757894737,0.757894737,0.757894737,0.508130081,0.508130081,0.508130081
4755200,0.957597173,0.957597173,0.957597173,0.968421053,0.968421053,0.968421053,0.550505051,0.550505051,0.550505051,0.260663507,0.260663507,0.260663507,0.463414634,0.463414634,0.463414634,0.982698962,0.982698962,0.982698962,0.762411348,0.762411348,0.762411348,0.475490196,0.475490196,0.475490196
4771200,0.957142857,0.957142857,0.957142857,0.954225352,0.954225352,0.954225352,0.511494253,0.511494253,0.511494253,0.225806452,0.225806452,0.225806452,0.352657005,0.352657005,0.352657005,0.996587031,0.996587031,0.996587031,0.772241993,0.772241993,0.772241993,0.482905983,0.482905983,0.482905983
4787200,0.948275862,0.948275862,0.948275862,0.954703833,0.954703833,0.954703833,0.54973822,0.54973822,0.54973822,0.275,0.275,0.275,0.434554974,0.434554974,0.434554974,0.979661017,0.979661017,0.979661017,0.769784173,0.769784173,0.769784173,0.495689655,0.495689655,0.495689655
4803200,0.945454545,0.945454545,0.945454545,0.971731449,0.971731449,0.971731449,0.529100529,0.529100529,0.529100529,0.253456221,0.253456221,0.253456221,0.358974359,0.358974359,0.358974359,0.979661017,0.979661017,0.979661017,0.734767025,0.734767025,0.734767025,0.446601942,0.446601942,0.446601942
4819200,0.968085106,0.968085106,0.968085106,0.968641115,0.968641115,0.968641115,0.571428571,0.571428571,0.571428571,0.264150943,0.264150943,0.264150943,0.43062201,0.43062201,0.43062201,0.983108108,0.983108108,0.983108108,0.801470588,0.801470588,0.801470588,0.522633745,0.522633745,0.522633745
4835200,0.969178082,0.969178082,0.969178082,0.954063604,0.954063604,0.954063604,0.5,0.5,0.5,0.179039301,0.179039301,0.179039301,0.413953488,0.413953488,0.413953488,0.976351351,0.976351351,0.976351351,0.743494424,0.743494424,0.743494424,0.472477064,0.472477064,0.472477064
4851200,0.944250871,0.944250871,0.944250871,0.989473684,0.989473684,0.989473684,0.534090909,0.534090909,0.534090909,0.272321429,0.272321429,0.272321429,0.479591837,0.479591837,0.479591837,0.996621622,0.996621622,0.996621622,0.732600733,0.732600733,0.732600733,0.4375,0.4375,0.4375
4867200,0.961672474,0.961672474,0.961672474,0.962199313,0.962199313,0.962199313,0.519125683,0.519125683,0.519125683,0.215311005,0.215311005,0.215311005,0.388888889,0.388888889,0.388888889,0.974820144,0.974820144,0.974820144,0.741935484,0.741935484,0.741935484,0.535714286,0.535714286,0.535714286
4883200,0.946043165,0.946043165,0.946043165,0.979094077,0.979094077,0.979094077,0.526946108,0.526946108,0.526946108,0.219512195,0.219512195,0.219512195,0.380487805,0.380487805,0.380487805,0.983050847,0.983050847,0.983050847,0.735714286,0.735714286,0.735714286,0.438818565,0.438818565,0.438818565
4899200,0.968641115,0.968641115,0.968641115,0.968421053,0.968421053,0.968421053,0.568720379,0.568720379,0.568720379,0.219730942,0.219730942,0.219730942,0.425287356,0.425287356,0.425287356,0.986348123,0.986348123,0.986348123,0.691489362,0.691489362,0.691489362,0.468468468,0.468468468,0.468468468
4915200,0.920863309,0.920863309,0.920863309,0.965277778,0.965277778,0.965277778,0.594594595,0.594594595,0.594594595,0.2,0.2,0.2,0.431924883,0.431924883,0.431924883,0.989761092,0.989761092,0.989761092,0.737226277,0.737226277,0.737226277,0.485576923,0.485576923,0.485576923
4931200,0.950877193,0.950877193,0.950877193,0.951890034,0.951890034,0.951890034,0.542105263,0.542105263,0.542105263,0.247474747,0.247474747,0.247474747,0.368421053,0.368421053,0.368421053,0.989864865,0.989864865,0.989864865,0.788888889,0.788888889,0.788888889,0.476190476,0.476190476,0.476190476
4947200,0.948148148,0.948148148,0.948148148,0.961538462,0.961538462,0.961538462,0.559405941,0.559405941,0.559405941,0.261904762,0.261904762,0.261904762,0.431472081,0.431472081,0.431472081,0.989619377,0.989619377,0.989619377,0.673913043,0.673913043,0.673913043,0.479638009,0.479638009,0.479638009
4963200,0.954385965,0.954385965,0.954385965,0.972125436,0.972125436,0.972125436,0.475,0.475,0.475,0.254545455,0.254545455,0.254545455,0.418269231,0.418269231,0.418269231,0.996632997,0.996632997,0.996632997,0.731884058,0.731884058,0.731884058,0.450236967,0.450236967,0.450236967
4979200,0.945652174,0.945652174,0.945652174,0.982394366,0.982394366,0.982394366,0.517241379,0.517241379,0.517241379,0.265306122,0.265306122,0.265306122,0.386046512,0.386046512,0.386046512,0.979661017,0.979661017,0.979661017,0.74822695,0.74822695,0.74822695,0.486607143,0.486607143,0.486607143
4995200,0.95862069,0.95862069,0.95862069,0.972125436,0.972125436,0.972125436,0.561290323,0.561290323,0.561290323,0.222222222,0.222222222,0.222222222,0.406779661,0.406779661,0.406779661,0.996563574,0.996563574,0.996563574,0.723021583,0.723021583,0.723021583,0.533333333,0.533333333,0.533333333
