Step,commformer_3s5z_single_lf_seed1 - incre_win_rate,commformer_3s5z_single_lf_seed1 - incre_win_rate__MIN,commformer_3s5z_single_lf_seed1 - incre_win_rate__MAX,commformer_3s5z_single_lf_seed2 - incre_win_rate,commformer_3s5z_single_lf_seed2 - incre_win_rate__MIN,commformer_3s5z_single_lf_seed2 - incre_win_rate__MAX,commformer_3s5z_single_lf_seed3 - incre_win_rate,commformer_3s5z_single_lf_seed3 - incre_win_rate__MIN,commformer_3s5z_single_lf_seed3 - incre_win_rate__MAX,happo_3s5z_10v10_seed1 - incre_win_rate,happo_3s5z_10v10_seed1 - incre_win_rate__MIN,happo_3s5z_10v10_seed1 - incre_win_rate__MAX,happo_3s5z_10v10_seed2 - incre_win_rate,happo_3s5z_10v10_seed2 - incre_win_rate__MIN,happo_3s5z_10v10_seed2 - incre_win_rate__MAX,happo_3s5z_10v10_seed3 - incre_win_rate,happo_3s5z_10v10_seed3 - incre_win_rate__MIN,happo_3s5z_10v10_seed3 - incre_win_rate__MAX,mappo_3s5z_10v10_seed1 - incre_win_rate,mappo_3s5z_10v10_seed1 - incre_win_rate__MIN,mappo_3s5z_10v10_seed1 - incre_win_rate__MAX,mappo_3s5z_10v10_seed2 - incre_win_rate,mappo_3s5z_10v10_seed2 - incre_win_rate__MIN,mappo_3s5z_10v10_seed2 - incre_win_rate__MAX,mappo_3s5z_10v10_seed3 - incre_win_rate,mappo_3s5z_10v10_seed3 - incre_win_rate__MIN,mappo_3s5z_10v10_seed3 - incre_win_rate__MAX
3200,0,0,0,0,0,0,0,0,0,0,0,0,0,0,0,0,0,0,0,0,0,0,0,0,0,0,0
19200,0,0,0,0,0,0,0,0,0,0,0,0,0,0,0,0,0,0,0,0,0,0,0,0,0,0,0
35200,0,0,0,0,0,0,0,0,0,0,0,0,0,0,0,0,0,0,0,0,0,0,0,0,0,0,0
51200,0,0,0,0,0,0,0,0,0,0,0,0,0,0,0,0,0,0,0,0,0,0,0,0,0,0,0
67200,0,0,0,0,0,0,0,0,0,0,0,0,0,0,0,0,0,0,0,0,0,0,0,0,0,0,0
83200,0,0,0,0,0,0,0,0,0,0,0,0,0,0,0,0,0,0,0,0,0,0,0,0,0,0,0
99200,0,0,0,0,0,0,0,0,0,0,0,0,0,0,0,0,0,0,0,0,0,0,0,0,0,0,0
115200,0,0,0,0,0,0,0,0,0,0,0,0,0,0,0,0,0,0,0,0,0,0,0,0,0,0,0
131200,0,0,0,0,0,0,0,0,0,0,0,0,0,0,0,0,0,0,0,0,0,0,0,0,0,0,0
147200,0,0,0,0,0,0,0,0,0,0,0,0,0,0,0,0,0,0,0,0,0,0,0,0,0.005494505,0.005494505,0.005494505
163200,0,0,0,0,0,0,0,0,0,0,0,0,0,0,0,0,0,0,0,0,0,0,0,0,0.005347594,0.005347594,0.005347594
179200,0,0,0,0,0,0,0,0,0,0,0,0,0,0,0,0,0,0,0,0,0,0,0,0,0.017045455,0.017045455,0.017045455
195200,0,0,0,0,0,0,0,0,0,0,0,0,0,0,0,0,0,0,0,0,0,0,0,0,0.011695906,0.011695906,0.011695906
211200,0,0,0,0,0,0,0,0,0,0,0,0,0,0,0,0,0,0,0,0,0,0,0,0,0.011428571,0.011428571,0.011428571
227200,0,0,0,0,0,0,0,0,0,0,0,0,0,0,0,0,0,0,0,0,0,0,0,0,0.016853933,0.016853933,0.016853933
243200,0,0,0,0,0,0,0,0,0,0,0,0,0,0,0,0,0,0,0,0,0,0,0,0,0.005434783,0.005434783,0.005434783
259200,0,0,0,0,0,0,0,0,0,0,0,0,0,0,0,0,0,0,0,0,0,0,0,0,0.011235955,0.011235955,0.011235955
275200,0,0,0,0,0,0,0,0,0,0,0,0,0,0,0,0,0,0,0,0,0,0,0,0,0.016393443,0.016393443,0.016393443
291200,0,0,0,0,0,0,0,0,0,0,0,0,0,0,0,0,0,0,0,0,0,0,0,0,0.032608696,0.032608696,0.032608696
307200,0,0,0,0,0,0,0,0,0,0,0,0,0,0,0,0,0,0,0.011811024,0.011811024,0.011811024,0,0,0,0.04,0.04,0.04
323200,0,0,0,0,0,0,0,0,0,0,0,0,0,0,0,0,0,0,0.011904762,0.011904762,0.011904762,0,0,0,0.047058824,0.047058824,0.047058824
339200,0,0,0,0,0,0,0,0,0,0,0,0,0,0,0,0,0,0,0.003952569,0.003952569,0.003952569,0,0,0,0.058823529,0.058823529,0.058823529
355200,0,0,0,0,0,0,0,0,0,0,0,0,0,0,0,0,0,0,0.016393443,0.016393443,0.016393443,0,0,0,0.053892216,0.053892216,0.053892216
371200,0,0,0,0,0,0,0,0,0,0,0,0,0,0,0,0,0,0,0.036144578,0.036144578,0.036144578,0,0,0,0.05988024,0.05988024,0.05988024
387200,0,0,0,0,0,0,0,0,0,0,0,0,0,0,0,0,0,0,0.038135593,0.038135593,0.038135593,0,0,0,0.01744186,0.01744186,0.01744186
403200,0,0,0,0,0,0,0,0,0,0,0,0,0,0,0,0,0,0,0.037974684,0.037974684,0.037974684,0,0,0,0.063218391,0.063218391,0.063218391
419200,0,0,0,0,0,0,0,0,0,0,0,0,0,0,0,0,0,0,0.042372881,0.042372881,0.042372881,0,0,0,0.078787879,0.078787879,0.078787879
435200,0,0,0,0,0,0,0,0,0,0,0,0,0,0,0,0,0,0,0.075313808,0.075313808,0.075313808,0,0,0,0.104294479,0.104294479,0.104294479
451200,0,0,0,0,0,0,0,0,0,0,0,0,0,0,0,0,0,0,0.069672131,0.069672131,0.069672131,0,0,0,0.103030303,0.103030303,0.103030303
467200,0,0,0,0,0,0,0,0,0,0,0,0,0,0,0,0,0,0,0.1,0.1,0.1,0,0,0,0.075581395,0.075581395,0.075581395
483200,0,0,0,0,0,0,0,0,0,0,0,0,0,0,0,0,0,0,0.119148936,0.119148936,0.119148936,0,0,0,0.160714286,0.160714286,0.160714286
499200,0,0,0,0,0,0,0,0,0,0,0,0,0,0,0,0,0,0,0.128755365,0.128755365,0.128755365,0,0,0,0.164634146,0.164634146,0.164634146
515200,0,0,0,0,0,0,0,0,0,0,0,0,0.009615385,0.009615385,0.009615385,0,0,0,0.11790393,0.11790393,0.11790393,0,0,0,0.174698795,0.174698795,0.174698795
531200,0,0,0,0,0,0,0,0,0,0,0,0,0.014218009,0.014218009,0.014218009,0,0,0,0.136563877,0.136563877,0.136563877,0,0,0,0.166666667,0.166666667,0.166666667
547200,0,0,0,0,0,0,0,0,0,0,0,0,0.009259259,0.009259259,0.009259259,0,0,0,0.095652174,0.095652174,0.095652174,0,0,0,0.179640719,0.179640719,0.179640719
563200,0,0,0,0,0,0,0,0,0,0,0,0,0.009259259,0.009259259,0.009259259,0,0,0,0.131004367,0.131004367,0.131004367,0,0,0,0.161676647,0.161676647,0.161676647
579200,0,0,0,0,0,0,0,0,0,0,0,0,0.009259259,0.009259259,0.009259259,0,0,0,0.156950673,0.156950673,0.156950673,0,0,0,0.23566879,0.23566879,0.23566879
595200,0,0,0,0,0,0,0,0,0,0,0,0,0,0,0,0,0,0,0.135964912,0.135964912,0.135964912,0,0,0,0.227848101,0.227848101,0.227848101
611200,0,0,0,0,0,0,0,0,0,0,0,0,0.023148148,0.023148148,0.023148148,0,0,0,0.100877193,0.100877193,0.100877193,0,0,0,0.161676647,0.161676647,0.161676647
627200,0,0,0,0,0,0,0,0,0,0,0,0,0.004807692,0.004807692,0.004807692,0,0,0,0.137168142,0.137168142,0.137168142,0,0,0,0.130434783,0.130434783,0.130434783
643200,0,0,0,0,0,0,0,0,0,0,0,0,0.014018692,0.014018692,0.014018692,0,0,0,0.228070175,0.228070175,0.228070175,0,0,0,0.161490683,0.161490683,0.161490683
659200,0,0,0,0,0,0,0,0,0,0,0,0,0.018957346,0.018957346,0.018957346,0,0,0,0.127192982,0.127192982,0.127192982,0,0,0,0.119760479,0.119760479,0.119760479
675200,0,0,0,0,0,0,0,0,0,0,0,0,0.009661836,0.009661836,0.009661836,0,0,0,0.199115044,0.199115044,0.199115044,0,0,0,0.169811321,0.169811321,0.169811321
691200,0,0,0,0,0,0,0,0,0,0,0,0,0.009433962,0.009433962,0.009433962,0,0,0,0.189189189,0.189189189,0.189189189,0.006060606,0.006060606,0.006060606,0.21656051,0.21656051,0.21656051
707200,0,0,0,0,0,0,0,0,0,0,0,0,0.00462963,0.00462963,0.00462963,0,0,0,0.149779736,0.149779736,0.149779736,0,0,0,0.194968553,0.194968553,0.194968553
723200,0,0,0,0,0,0,0,0,0,0,0,0,0.037383178,0.037383178,0.037383178,0,0,0,0.154867257,0.154867257,0.154867257,0,0,0,0.31875,0.31875,0.31875
739200,0,0,0,0,0,0,0,0,0,0,0,0,0.019138756,0.019138756,0.019138756,0,0,0,0.209821429,0.209821429,0.209821429,0.01242236,0.01242236,0.01242236,0.220125786,0.220125786,0.220125786
755200,0,0,0,0,0,0,0,0,0,0,0,0,0.022624434,0.022624434,0.022624434,0,0,0,0.156950673,0.156950673,0.156950673,0.012987013,0.012987013,0.012987013,0.285714286,0.285714286,0.285714286
771200,0,0,0,0,0,0,0,0,0,0,0,0,0.009090909,0.009090909,0.009090909,0,0,0,0.226244344,0.226244344,0.226244344,0,0,0,0.366013072,0.366013072,0.366013072
787200,0,0,0,0,0,0,0,0,0,0,0,0,0.013953488,0.013953488,0.013953488,0,0,0,0.246636771,0.246636771,0.246636771,0.024539877,0.024539877,0.024539877,0.296969697,0.296969697,0.296969697
803200,0,0,0,0,0,0,0,0,0,0,0,0,0.01843318,0.01843318,0.01843318,0,0,0,0.223744292,0.223744292,0.223744292,0.042424242,0.042424242,0.042424242,0.270440252,0.270440252,0.270440252
819200,0,0,0,0,0,0,0,0,0,0,0,0,0.023041475,0.023041475,0.023041475,0,0,0,0.186666667,0.186666667,0.186666667,0.028735632,0.028735632,0.028735632,0.196202532,0.196202532,0.196202532
835200,0,0,0,0,0,0,0,0,0,0,0,0,0.028846154,0.028846154,0.028846154,0,0,0,0.228310502,0.228310502,0.228310502,0.043209877,0.043209877,0.043209877,0.2625,0.2625,0.2625
851200,0,0,0,0,0,0,0,0,0,0,0,0,0.04587156,0.04587156,0.04587156,0,0,0,0.198198198,0.198198198,0.198198198,0.025,0.025,0.025,0.182926829,0.182926829,0.182926829
867200,0,0,0,0,0,0,0,0,0,0,0,0,0.018018018,0.018018018,0.018018018,0,0,0,0.235555556,0.235555556,0.235555556,0.046783626,0.046783626,0.046783626,0.248447205,0.248447205,0.248447205
883200,0,0,0,0,0,0,0,0,0,0,0,0,0.02764977,0.02764977,0.02764977,0,0,0,0.217777778,0.217777778,0.217777778,0.037037037,0.037037037,0.037037037,0.212903226,0.212903226,0.212903226
899200,0,0,0,0,0,0,0,0,0,0,0,0,0.031818182,0.031818182,0.031818182,0,0,0,0.190697674,0.190697674,0.190697674,0.071856287,0.071856287,0.071856287,0.273291925,0.273291925,0.273291925
915200,0,0,0,0,0,0,0,0,0,0,0,0,0.037037037,0.037037037,0.037037037,0,0,0,0.171171171,0.171171171,0.171171171,0.048484848,0.048484848,0.048484848,0.304878049,0.304878049,0.304878049
931200,0,0,0,0,0,0,0,0,0,0,0,0,0.022727273,0.022727273,0.022727273,0,0,0,0.226851852,0.226851852,0.226851852,0.065088757,0.065088757,0.065088757,0.239263804,0.239263804,0.239263804
947200,0,0,0,0,0,0,0,0,0,0,0,0,0.04368932,0.04368932,0.04368932,0,0,0,0.185022026,0.185022026,0.185022026,0.067901235,0.067901235,0.067901235,0.296774194,0.296774194,0.296774194
963200,0,0,0,0,0,0,0,0,0,0,0,0,0.022727273,0.022727273,0.022727273,0,0,0,0.221198157,0.221198157,0.221198157,0.048484848,0.048484848,0.048484848,0.266233766,0.266233766,0.266233766
979200,0,0,0,0,0,0,0,0,0,0,0,0,0.032407407,0.032407407,0.032407407,0,0,0,0.215246637,0.215246637,0.215246637,0.068965517,0.068965517,0.068965517,0.355704698,0.355704698,0.355704698
995200,0,0,0,0,0,0,0,0,0,0,0,0,0.04109589,0.04109589,0.04109589,0,0,0,0.193693694,0.193693694,0.193693694,0.065868263,0.065868263,0.065868263,0.298701299,0.298701299,0.298701299
1011200,0,0,0,0,0,0,0,0,0,0,0,0,0.027522936,0.027522936,0.027522936,0,0,0,0.223684211,0.223684211,0.223684211,0.071428571,0.071428571,0.071428571,0.294871795,0.294871795,0.294871795
1027200,0,0,0,0,0,0,0,0,0,0,0,0,0.022727273,0.022727273,0.022727273,0,0,0,0.246575342,0.246575342,0.246575342,0.09375,0.09375,0.09375,0.341772152,0.341772152,0.341772152
1043200,0,0,0,0,0,0,0,0,0,0,0,0,0.051401869,0.051401869,0.051401869,0,0,0,0.168181818,0.168181818,0.168181818,0.057142857,0.057142857,0.057142857,0.31372549,0.31372549,0.31372549
1059200,0.007042254,0.007042254,0.007042254,0.007042254,0.007042254,0.007042254,0.007042254,0.007042254,0.007042254,0,0,0,0.052132701,0.052132701,0.052132701,0,0,0,0.175925926,0.175925926,0.175925926,0.066666667,0.066666667,0.066666667,0.296052632,0.296052632,0.296052632
1075200,0,0,0,0,0,0,0,0,0,0,0,0,0.037735849,0.037735849,0.037735849,0,0,0,0.248868778,0.248868778,0.248868778,0.023391813,0.023391813,0.023391813,0.31875,0.31875,0.31875
1091200,0,0,0,0,0,0,0,0,0,0,0,0,0.064039409,0.064039409,0.064039409,0,0,0,0.181415929,0.181415929,0.181415929,0.081395349,0.081395349,0.081395349,0.270967742,0.270967742,0.270967742
1107200,0,0,0,0,0,0,0,0,0,0,0,0,0.025380711,0.025380711,0.025380711,0,0,0,0.300925926,0.300925926,0.300925926,0.070175439,0.070175439,0.070175439,0.23030303,0.23030303,0.23030303
1123200,0,0,0,0,0,0,0,0,0,0,0,0,0.033175355,0.033175355,0.033175355,0,0,0,0.330275229,0.330275229,0.330275229,0.090909091,0.090909091,0.090909091,0.326923077,0.326923077,0.326923077
1139200,0,0,0,0,0,0,0,0,0,0,0,0,0.051401869,0.051401869,0.051401869,0,0,0,0.342592593,0.342592593,0.342592593,0.05952381,0.05952381,0.05952381,0.269230769,0.269230769,0.269230769
1155200,0.007407407,0.007407407,0.007407407,0.007407407,0.007407407,0.007407407,0.007407407,0.007407407,0.007407407,0,0,0,0.028436019,0.028436019,0.028436019,0,0,0,0.30733945,0.30733945,0.30733945,0.093167702,0.093167702,0.093167702,0.289308176,0.289308176,0.289308176
1171200,0,0,0,0,0,0,0,0,0,0,0,0,0.032258065,0.032258065,0.032258065,0,0,0,0.290322581,0.290322581,0.290322581,0.082278481,0.082278481,0.082278481,0.304347826,0.304347826,0.304347826
1187200,0,0,0,0,0,0,0,0,0,0,0,0,0.04245283,0.04245283,0.04245283,0,0,0,0.325471698,0.325471698,0.325471698,0.081761006,0.081761006,0.081761006,0.327044025,0.327044025,0.327044025
1203200,0.007352941,0.007352941,0.007352941,0.007352941,0.007352941,0.007352941,0.007352941,0.007352941,0.007352941,0,0,0,0.052631579,0.052631579,0.052631579,0,0,0,0.343891403,0.343891403,0.343891403,0.065868263,0.065868263,0.065868263,0.295180723,0.295180723,0.295180723
1219200,0,0,0,0,0,0,0,0,0,0,0,0,0.043478261,0.043478261,0.043478261,0,0,0,0.291666667,0.291666667,0.291666667,0.105882353,0.105882353,0.105882353,0.316129032,0.316129032,0.316129032
1235200,0.007092199,0.007092199,0.007092199,0.007092199,0.007092199,0.007092199,0.007092199,0.007092199,0.007092199,0,0,0,0.046511628,0.046511628,0.046511628,0,0,0,0.328703704,0.328703704,0.328703704,0.113207547,0.113207547,0.113207547,0.26875,0.26875,0.26875
1251200,0,0,0,0,0,0,0,0,0,0,0,0,0.033333333,0.033333333,0.033333333,0,0,0,0.281818182,0.281818182,0.281818182,0.112426036,0.112426036,0.112426036,0.405228758,0.405228758,0.405228758
1267200,0,0,0,0,0,0,0,0,0,0,0,0,0.051401869,0.051401869,0.051401869,0,0,0,0.292237443,0.292237443,0.292237443,0.116129032,0.116129032,0.116129032,0.342105263,0.342105263,0.342105263
1283200,0.007194245,0.007194245,0.007194245,0.007194245,0.007194245,0.007194245,0.007194245,0.007194245,0.007194245,0,0,0,0.023584906,0.023584906,0.023584906,0,0,0,0.298578199,0.298578199,0.298578199,0.098765432,0.098765432,0.098765432,0.259493671,0.259493671,0.259493671
1299200,0,0,0,0,0,0,0,0,0,0,0,0,0.041666667,0.041666667,0.041666667,0,0,0,0.36492891,0.36492891,0.36492891,0.090909091,0.090909091,0.090909091,0.333333333,0.333333333,0.333333333
1315200,0.021582734,0.021582734,0.021582734,0.021582734,0.021582734,0.021582734,0.021582734,0.021582734,0.021582734,0,0,0,0.023474178,0.023474178,0.023474178,0,0,0,0.301369863,0.301369863,0.301369863,0.137254902,0.137254902,0.137254902,0.333333333,0.333333333,0.333333333
1331200,0.015151515,0.015151515,0.015151515,0.015151515,0.015151515,0.015151515,0.015151515,0.015151515,0.015151515,0,0,0,0.036036036,0.036036036,0.036036036,0,0,0,0.358139535,0.358139535,0.358139535,0.141975309,0.141975309,0.141975309,0.353293413,0.353293413,0.353293413
1347200,0.02238806,0.02238806,0.02238806,0.02238806,0.02238806,0.02238806,0.02238806,0.02238806,0.02238806,0,0,0,0.028037383,0.028037383,0.028037383,0,0,0,0.405529954,0.405529954,0.405529954,0.0875,0.0875,0.0875,0.38125,0.38125,0.38125
1363200,0.021276596,0.021276596,0.021276596,0.021276596,0.021276596,0.021276596,0.021276596,0.021276596,0.021276596,0,0,0,0.014018692,0.014018692,0.014018692,0,0,0,0.409302326,0.409302326,0.409302326,0.078313253,0.078313253,0.078313253,0.43125,0.43125,0.43125
1379200,0.020979021,0.020979021,0.020979021,0.020979021,0.020979021,0.020979021,0.020979021,0.020979021,0.020979021,0,0,0,0.051162791,0.051162791,0.051162791,0,0,0,0.35483871,0.35483871,0.35483871,0.153374233,0.153374233,0.153374233,0.373417722,0.373417722,0.373417722
1395200,0.027972028,0.027972028,0.027972028,0.027972028,0.027972028,0.027972028,0.027972028,0.027972028,0.027972028,0,0,0,0.027906977,0.027906977,0.027906977,0,0,0,0.356481481,0.356481481,0.356481481,0.15,0.15,0.15,0.425806452,0.425806452,0.425806452
1411200,0,0,0,0,0,0,0,0,0,0,0,0,0.046948357,0.046948357,0.046948357,0,0,0,0.358139535,0.358139535,0.358139535,0.156626506,0.156626506,0.156626506,0.397435897,0.397435897,0.397435897
1427200,0.058394161,0.058394161,0.058394161,0.058394161,0.058394161,0.058394161,0.058394161,0.058394161,0.058394161,0,0,0,0.052631579,0.052631579,0.052631579,0,0,0,0.359813084,0.359813084,0.359813084,0.131428571,0.131428571,0.131428571,0.379746835,0.379746835,0.379746835
1443200,0.076923077,0.076923077,0.076923077,0.076923077,0.076923077,0.076923077,0.076923077,0.076923077,0.076923077,0,0,0,0.032407407,0.032407407,0.032407407,0,0,0,0.44549763,0.44549763,0.44549763,0.183431953,0.183431953,0.183431953,0.388157895,0.388157895,0.388157895
1459200,0.108108108,0.108108108,0.108108108,0.108108108,0.108108108,0.108108108,0.108108108,0.108108108,0.108108108,0,0,0,0.04109589,0.04109589,0.04109589,0,0,0,0.464788732,0.464788732,0.464788732,0.145454545,0.145454545,0.145454545,0.379746835,0.379746835,0.379746835
1475200,0.101449275,0.101449275,0.101449275,0.101449275,0.101449275,0.101449275,0.101449275,0.101449275,0.101449275,0,0,0,0.055045872,0.055045872,0.055045872,0,0,0,0.44600939,0.44600939,0.44600939,0.160714286,0.160714286,0.160714286,0.402597403,0.402597403,0.402597403
1491200,0.109589041,0.109589041,0.109589041,0.109589041,0.109589041,0.109589041,0.109589041,0.109589041,0.109589041,0,0,0,0.056872038,0.056872038,0.056872038,0,0,0,0.450236967,0.450236967,0.450236967,0.204968944,0.204968944,0.204968944,0.408805031,0.408805031,0.408805031
1507200,0.099337748,0.099337748,0.099337748,0.099337748,0.099337748,0.099337748,0.099337748,0.099337748,0.099337748,0,0,0,0.031111111,0.031111111,0.031111111,0,0,0,0.35483871,0.35483871,0.35483871,0.172619048,0.172619048,0.172619048,0.430463576,0.430463576,0.430463576
1523200,0.102739726,0.102739726,0.102739726,0.102739726,0.102739726,0.102739726,0.102739726,0.102739726,0.102739726,0,0,0,0.018604651,0.018604651,0.018604651,0,0,0,0.406392694,0.406392694,0.406392694,0.213836478,0.213836478,0.213836478,0.464516129,0.464516129,0.464516129
1539200,0.121428571,0.121428571,0.121428571,0.121428571,0.121428571,0.121428571,0.121428571,0.121428571,0.121428571,0,0,0,0.046948357,0.046948357,0.046948357,0,0,0,0.327102804,0.327102804,0.327102804,0.25,0.25,0.25,0.392405063,0.392405063,0.392405063
1555200,0.125,0.125,0.125,0.125,0.125,0.125,0.125,0.125,0.125,0,0,0,0.019047619,0.019047619,0.019047619,0,0,0,0.367924528,0.367924528,0.367924528,0.184971098,0.184971098,0.184971098,0.359756098,0.359756098,0.359756098
1571200,0.104895105,0.104895105,0.104895105,0.104895105,0.104895105,0.104895105,0.104895105,0.104895105,0.104895105,0,0,0,0.034146341,0.034146341,0.034146341,0,0,0,0.362790698,0.362790698,0.362790698,0.166666667,0.166666667,0.166666667,0.35,0.35,0.35
1587200,0.236363636,0.236363636,0.236363636,0.236363636,0.236363636,0.236363636,0.236363636,0.236363636,0.236363636,0,0,0,0.052380952,0.052380952,0.052380952,0,0,0,0.334883721,0.334883721,0.334883721,0.175,0.175,0.175,0.443037975,0.443037975,0.443037975
1603200,0.179012346,0.179012346,0.179012346,0.179012346,0.179012346,0.179012346,0.179012346,0.179012346,0.179012346,0,0,0,0.051401869,0.051401869,0.051401869,0,0,0,0.325358852,0.325358852,0.325358852,0.213333333,0.213333333,0.213333333,0.307228916,0.307228916,0.307228916
1619200,0.220779221,0.220779221,0.220779221,0.220779221,0.220779221,0.220779221,0.220779221,0.220779221,0.220779221,0,0,0,0.046082949,0.046082949,0.046082949,0,0,0,0.339534884,0.339534884,0.339534884,0.239263804,0.239263804,0.239263804,0.36196319,0.36196319,0.36196319
1635200,0.203947368,0.203947368,0.203947368,0.203947368,0.203947368,0.203947368,0.203947368,0.203947368,0.203947368,0,0,0,0.018099548,0.018099548,0.018099548,0,0,0,0.366666667,0.366666667,0.366666667,0.13253012,0.13253012,0.13253012,0.284848485,0.284848485,0.284848485
1651200,0.201257862,0.201257862,0.201257862,0.201257862,0.201257862,0.201257862,0.201257862,0.201257862,0.201257862,0,0,0,0.061320755,0.061320755,0.061320755,0,0,0,0.331775701,0.331775701,0.331775701,0.204678363,0.204678363,0.204678363,0.36196319,0.36196319,0.36196319
1667200,0.233766234,0.233766234,0.233766234,0.233766234,0.233766234,0.233766234,0.233766234,0.233766234,0.233766234,0,0,0,0.052380952,0.052380952,0.052380952,0,0,0,0.336448598,0.336448598,0.336448598,0.168674699,0.168674699,0.168674699,0.435064935,0.435064935,0.435064935
1683200,0.261146497,0.261146497,0.261146497,0.261146497,0.261146497,0.261146497,0.261146497,0.261146497,0.261146497,0,0,0,0.043062201,0.043062201,0.043062201,0,0,0,0.327102804,0.327102804,0.327102804,0.201257862,0.201257862,0.201257862,0.354037267,0.354037267,0.354037267
1699200,0.285714286,0.285714286,0.285714286,0.285714286,0.285714286,0.285714286,0.285714286,0.285714286,0.285714286,0,0,0,0.046296296,0.046296296,0.046296296,0,0,0,0.25462963,0.25462963,0.25462963,0.202614379,0.202614379,0.202614379,0.360759494,0.360759494,0.360759494
1715200,0.202797203,0.202797203,0.202797203,0.202797203,0.202797203,0.202797203,0.202797203,0.202797203,0.202797203,0,0,0,0.052132701,0.052132701,0.052132701,0,0,0,0.291666667,0.291666667,0.291666667,0.221518987,0.221518987,0.221518987,0.378881988,0.378881988,0.378881988
1731200,0.185430464,0.185430464,0.185430464,0.185430464,0.185430464,0.185430464,0.185430464,0.185430464,0.185430464,0,0,0,0.050228311,0.050228311,0.050228311,0,0,0,0.296296296,0.296296296,0.296296296,0.261437908,0.261437908,0.261437908,0.356687898,0.356687898,0.356687898
1747200,0.232704403,0.232704403,0.232704403,0.232704403,0.232704403,0.232704403,0.232704403,0.232704403,0.232704403,0,0,0,0.054794521,0.054794521,0.054794521,0,0,0,0.277777778,0.277777778,0.277777778,0.226415094,0.226415094,0.226415094,0.298780488,0.298780488,0.298780488
1763200,0.246753247,0.246753247,0.246753247,0.246753247,0.246753247,0.246753247,0.246753247,0.246753247,0.246753247,0,0,0,0.04587156,0.04587156,0.04587156,0,0,0,0.316037736,0.316037736,0.316037736,0.215189873,0.215189873,0.215189873,0.317365269,0.317365269,0.317365269
1779200,0.259259259,0.259259259,0.259259259,0.259259259,0.259259259,0.259259259,0.259259259,0.259259259,0.259259259,0,0,0,0.056074766,0.056074766,0.056074766,0,0,0,0.323943662,0.323943662,0.323943662,0.229813665,0.229813665,0.229813665,0.398773006,0.398773006,0.398773006
1795200,0.320512821,0.320512821,0.320512821,0.320512821,0.320512821,0.320512821,0.320512821,0.320512821,0.320512821,0,0,0,0.004651163,0.004651163,0.004651163,0,0,0,0.266055046,0.266055046,0.266055046,0.263803681,0.263803681,0.263803681,0.401234568,0.401234568,0.401234568
1811200,0.377245509,0.377245509,0.377245509,0.377245509,0.377245509,0.377245509,0.377245509,0.377245509,0.377245509,0,0,0,0.033333333,0.033333333,0.033333333,0,0,0,0.278538813,0.278538813,0.278538813,0.197368421,0.197368421,0.197368421,0.446540881,0.446540881,0.446540881
1827200,0.2875,0.2875,0.2875,0.2875,0.2875,0.2875,0.2875,0.2875,0.2875,0,0,0,0.036199095,0.036199095,0.036199095,0,0,0,0.315068493,0.315068493,0.315068493,0.223776224,0.223776224,0.223776224,0.309090909,0.309090909,0.309090909
1843200,0.28125,0.28125,0.28125,0.28125,0.28125,0.28125,0.28125,0.28125,0.28125,0,0,0,0.050228311,0.050228311,0.050228311,0,0,0,0.316513761,0.316513761,0.316513761,0.183006536,0.183006536,0.183006536,0.322981366,0.322981366,0.322981366
1859200,0.319526627,0.319526627,0.319526627,0.319526627,0.319526627,0.319526627,0.319526627,0.319526627,0.319526627,0,0,0,0.03652968,0.03652968,0.03652968,0,0,0,0.324324324,0.324324324,0.324324324,0.256756757,0.256756757,0.256756757,0.331288344,0.331288344,0.331288344
1875200,0.363057325,0.363057325,0.363057325,0.363057325,0.363057325,0.363057325,0.363057325,0.363057325,0.363057325,0,0,0,0.03271028,0.03271028,0.03271028,0,0,0,0.276497696,0.276497696,0.276497696,0.25974026,0.25974026,0.25974026,0.382716049,0.382716049,0.382716049
1891200,0.322981366,0.322981366,0.322981366,0.322981366,0.322981366,0.322981366,0.322981366,0.322981366,0.322981366,0,0,0,0.047169811,0.047169811,0.047169811,0,0,0,0.378504673,0.378504673,0.378504673,0.255172414,0.255172414,0.255172414,0.386075949,0.386075949,0.386075949
1907200,0.358381503,0.358381503,0.358381503,0.358381503,0.358381503,0.358381503,0.358381503,0.358381503,0.358381503,0,0,0,0.028037383,0.028037383,0.028037383,0,0,0,0.317535545,0.317535545,0.317535545,0.219354839,0.219354839,0.219354839,0.32278481,0.32278481,0.32278481
1923200,0.292207792,0.292207792,0.292207792,0.292207792,0.292207792,0.292207792,0.292207792,0.292207792,0.292207792,0,0,0,0.023584906,0.023584906,0.023584906,0,0,0,0.30875576,0.30875576,0.30875576,0.227586207,0.227586207,0.227586207,0.367088608,0.367088608,0.367088608
1939200,0.333333333,0.333333333,0.333333333,0.333333333,0.333333333,0.333333333,0.333333333,0.333333333,0.333333333,0,0,0,0.023255814,0.023255814,0.023255814,0,0,0,0.251162791,0.251162791,0.251162791,0.195804196,0.195804196,0.195804196,0.327044025,0.327044025,0.327044025
1955200,0.423529412,0.423529412,0.423529412,0.423529412,0.423529412,0.423529412,0.423529412,0.423529412,0.423529412,0,0,0,0.041666667,0.041666667,0.041666667,0,0,0,0.331753555,0.331753555,0.331753555,0.24,0.24,0.24,0.35,0.35,0.35
1971200,0.335483871,0.335483871,0.335483871,0.335483871,0.335483871,0.335483871,0.335483871,0.335483871,0.335483871,0,0,0,0.051643192,0.051643192,0.051643192,0,0,0,0.30733945,0.30733945,0.30733945,0.222222222,0.222222222,0.222222222,0.273291925,0.273291925,0.273291925
1987200,0.358823529,0.358823529,0.358823529,0.358823529,0.358823529,0.358823529,0.358823529,0.358823529,0.358823529,0,0,0,0.065420561,0.065420561,0.065420561,0,0,0,0.331753555,0.331753555,0.331753555,0.219354839,0.219354839,0.219354839,0.430379747,0.430379747,0.430379747
2003200,0.412121212,0.412121212,0.412121212,0.412121212,0.412121212,0.412121212,0.412121212,0.412121212,0.412121212,0,0,0,0.033018868,0.033018868,0.033018868,0,0,0,0.338095238,0.338095238,0.338095238,0.205479452,0.205479452,0.205479452,0.310126582,0.310126582,0.310126582
2019200,0.412790698,0.412790698,0.412790698,0.412790698,0.412790698,0.412790698,0.412790698,0.412790698,0.412790698,0,0,0,0.047619048,0.047619048,0.047619048,0,0,0,0.361111111,0.361111111,0.361111111,0.256756757,0.256756757,0.256756757,0.365853659,0.365853659,0.365853659
2035200,0.405714286,0.405714286,0.405714286,0.405714286,0.405714286,0.405714286,0.405714286,0.405714286,0.405714286,0,0,0,0.045045045,0.045045045,0.045045045,0,0,0,0.388625592,0.388625592,0.388625592,0.219354839,0.219354839,0.219354839,0.374193548,0.374193548,0.374193548
2051200,0.41954023,0.41954023,0.41954023,0.41954023,0.41954023,0.41954023,0.41954023,0.41954023,0.41954023,0,0,0,0.042654028,0.042654028,0.042654028,0,0,0,0.372093023,0.372093023,0.372093023,0.158940397,0.158940397,0.158940397,0.364779874,0.364779874,0.364779874
2067200,0.401129944,0.401129944,0.401129944,0.401129944,0.401129944,0.401129944,0.401129944,0.401129944,0.401129944,0,0,0,0.055813953,0.055813953,0.055813953,0,0,0,0.388888889,0.388888889,0.388888889,0.210526316,0.210526316,0.210526316,0.388535032,0.388535032,0.388535032
2083200,0.459770115,0.459770115,0.459770115,0.459770115,0.459770115,0.459770115,0.459770115,0.459770115,0.459770115,0,0,0,0.023255814,0.023255814,0.023255814,0,0,0,0.356164384,0.356164384,0.356164384,0.206896552,0.206896552,0.206896552,0.425,0.425,0.425
2099200,0.391566265,0.391566265,0.391566265,0.391566265,0.391566265,0.391566265,0.411042945,0.411042945,0.411042945,0,0,0,0.034313725,0.034313725,0.034313725,0,0,0,0.304147465,0.304147465,0.304147465,0.14084507,0.14084507,0.14084507,0.440789474,0.440789474,0.440789474
2115200,0.47752809,0.47752809,0.47752809,0.47752809,0.47752809,0.47752809,0.344827586,0.344827586,0.344827586,0,0,0,0.043478261,0.043478261,0.043478261,0,0,0,0.362385321,0.362385321,0.362385321,0.162162162,0.162162162,0.162162162,0.359477124,0.359477124,0.359477124
2131200,0.413173653,0.413173653,0.413173653,0.413173653,0.413173653,0.413173653,0.476744186,0.476744186,0.476744186,0,0,0,0.046082949,0.046082949,0.046082949,0,0,0,0.377880184,0.377880184,0.377880184,0.146853147,0.146853147,0.146853147,0.378881988,0.378881988,0.378881988
2147200,0.440677966,0.440677966,0.440677966,0.440677966,0.440677966,0.440677966,0.443181818,0.443181818,0.443181818,0,0,0,0.042056075,0.042056075,0.042056075,0,0,0,0.327102804,0.327102804,0.327102804,0.171232877,0.171232877,0.171232877,0.372670807,0.372670807,0.372670807
2163200,0.431818182,0.431818182,0.431818182,0.431818182,0.431818182,0.431818182,0.524590164,0.524590164,0.524590164,0,0,0,0.050228311,0.050228311,0.050228311,0,0,0,0.364485981,0.364485981,0.364485981,0.12244898,0.12244898,0.12244898,0.452229299,0.452229299,0.452229299
2179200,0.456647399,0.456647399,0.456647399,0.456647399,0.456647399,0.456647399,0.447674419,0.447674419,0.447674419,0,0,0,0.046948357,0.046948357,0.046948357,0,0,0,0.376146789,0.376146789,0.376146789,0.190789474,0.190789474,0.190789474,0.449367089,0.449367089,0.449367089
2195200,0.465909091,0.465909091,0.465909091,0.465909091,0.465909091,0.465909091,0.43258427,0.43258427,0.43258427,0,0,0,0.04784689,0.04784689,0.04784689,0,0,0,0.299065421,0.299065421,0.299065421,0.147651007,0.147651007,0.147651007,0.407643312,0.407643312,0.407643312
2211200,0.443820225,0.443820225,0.443820225,0.443820225,0.443820225,0.443820225,0.455621302,0.455621302,0.455621302,0,0,0,0.076555024,0.076555024,0.076555024,0,0,0,0.38317757,0.38317757,0.38317757,0.074074074,0.074074074,0.074074074,0.386075949,0.386075949,0.386075949
2227200,0.537142857,0.537142857,0.537142857,0.537142857,0.537142857,0.537142857,0.543478261,0.543478261,0.543478261,0,0,0,0.056074766,0.056074766,0.056074766,0,0,0,0.319444444,0.319444444,0.319444444,0.126582278,0.126582278,0.126582278,0.395061728,0.395061728,0.395061728
2243200,0.497175141,0.497175141,0.497175141,0.497175141,0.497175141,0.497175141,0.51396648,0.51396648,0.51396648,0,0,0,0.072463768,0.072463768,0.072463768,0,0,0,0.419811321,0.419811321,0.419811321,0.093959732,0.093959732,0.093959732,0.341614907,0.341614907,0.341614907
2259200,0.54494382,0.54494382,0.54494382,0.54494382,0.54494382,0.54494382,0.537634409,0.537634409,0.537634409,0,0,0,0.065116279,0.065116279,0.065116279,0,0,0,0.438095238,0.438095238,0.438095238,0.101910828,0.101910828,0.101910828,0.413580247,0.413580247,0.413580247
2275200,0.57591623,0.57591623,0.57591623,0.57591623,0.57591623,0.57591623,0.494680851,0.494680851,0.494680851,0,0,0,0.050925926,0.050925926,0.050925926,0,0,0,0.397196262,0.397196262,0.397196262,0.05625,0.05625,0.05625,0.443037975,0.443037975,0.443037975
2291200,0.535911602,0.535911602,0.535911602,0.535911602,0.535911602,0.535911602,0.55026455,0.55026455,0.55026455,0,0,0,0.066985646,0.066985646,0.066985646,0,0,0,0.4,0.4,0.4,0.03030303,0.03030303,0.03030303,0.385093168,0.385093168,0.385093168
2307200,0.55801105,0.55801105,0.55801105,0.55801105,0.55801105,0.55801105,0.502762431,0.502762431,0.502762431,0,0,0,0.069444444,0.069444444,0.069444444,0,0,0,0.4,0.4,0.4,0.073619632,0.073619632,0.073619632,0.36969697,0.36969697,0.36969697
2323200,0.53038674,0.53038674,0.53038674,0.53038674,0.53038674,0.53038674,0.494382022,0.494382022,0.494382022,0,0,0,0.037037037,0.037037037,0.037037037,0,0,0,0.379146919,0.379146919,0.379146919,0.079268293,0.079268293,0.079268293,0.3875,0.3875,0.3875
2339200,0.592783505,0.592783505,0.592783505,0.592783505,0.592783505,0.592783505,0.486338798,0.486338798,0.486338798,0,0,0,0.096618357,0.096618357,0.096618357,0,0,0,0.368421053,0.368421053,0.368421053,0.069364162,0.069364162,0.069364162,0.36875,0.36875,0.36875
2355200,0.577319588,0.577319588,0.577319588,0.577319588,0.577319588,0.577319588,0.516129032,0.516129032,0.516129032,0,0,0,0.03271028,0.03271028,0.03271028,0,0,0,0.355140187,0.355140187,0.355140187,0.027472527,0.027472527,0.027472527,0.416149068,0.416149068,0.416149068
2371200,0.57591623,0.57591623,0.57591623,0.57591623,0.57591623,0.57591623,0.544973545,0.544973545,0.544973545,0,0,0,0.032110092,0.032110092,0.032110092,0,0,0,0.342723005,0.342723005,0.342723005,0.059782609,0.059782609,0.059782609,0.416149068,0.416149068,0.416149068
2387200,0.609137056,0.609137056,0.609137056,0.609137056,0.609137056,0.609137056,0.51396648,0.51396648,0.51396648,0,0,0,0.04109589,0.04109589,0.04109589,0,0,0,0.288372093,0.288372093,0.288372093,0.043715847,0.043715847,0.043715847,0.45625,0.45625,0.45625
2403200,0.60199005,0.60199005,0.60199005,0.60199005,0.60199005,0.60199005,0.569948187,0.569948187,0.569948187,0,0,0,0.056074766,0.056074766,0.056074766,0,0,0,0.348837209,0.348837209,0.348837209,0.05,0.05,0.05,0.377245509,0.377245509,0.377245509
2419200,0.653266332,0.653266332,0.653266332,0.653266332,0.653266332,0.653266332,0.619047619,0.619047619,0.619047619,0,0,0,0.037037037,0.037037037,0.037037037,0,0,0,0.350230415,0.350230415,0.350230415,0.027777778,0.027777778,0.027777778,0.472049689,0.472049689,0.472049689
2435200,0.595744681,0.595744681,0.595744681,0.595744681,0.595744681,0.595744681,0.607142857,0.607142857,0.607142857,0,0,0,0.0657277,0.0657277,0.0657277,0,0,0,0.334883721,0.334883721,0.334883721,0.015463918,0.015463918,0.015463918,0.41509434,0.41509434,0.41509434
2451200,0.656565657,0.656565657,0.656565657,0.656565657,0.656565657,0.656565657,0.607142857,0.607142857,0.607142857,0,0,0,0.036866359,0.036866359,0.036866359,0,0,0,0.353488372,0.353488372,0.353488372,0.03125,0.03125,0.03125,0.48427673,0.48427673,0.48427673
2467200,0.560209424,0.560209424,0.560209424,0.560209424,0.560209424,0.560209424,0.561111111,0.561111111,0.561111111,0,0,0,0.037735849,0.037735849,0.037735849,0,0,0,0.368421053,0.368421053,0.368421053,0.02,0.02,0.02,0.474358974,0.474358974,0.474358974
2483200,0.636842105,0.636842105,0.636842105,0.636842105,0.636842105,0.636842105,0.532608696,0.532608696,0.532608696,0,0,0,0.050925926,0.050925926,0.050925926,0,0,0,0.372641509,0.372641509,0.372641509,0.010152284,0.010152284,0.010152284,0.436363636,0.436363636,0.436363636
2499200,0.565445026,0.565445026,0.565445026,0.565445026,0.565445026,0.565445026,0.537234043,0.537234043,0.537234043,0,0,0,0.071090047,0.071090047,0.071090047,0,0,0,0.384976526,0.384976526,0.384976526,0.01010101,0.01010101,0.01010101,0.411042945,0.411042945,0.411042945
2515200,0.532608696,0.532608696,0.532608696,0.532608696,0.532608696,0.532608696,0.502824859,0.502824859,0.502824859,0,0,0,0.051886792,0.051886792,0.051886792,0,0,0,0.366197183,0.366197183,0.366197183,0,0,0,0.430379747,0.430379747,0.430379747
2531200,0.602150538,0.602150538,0.602150538,0.602150538,0.602150538,0.602150538,0.53125,0.53125,0.53125,0,0,0,0.066350711,0.066350711,0.066350711,0,0,0,0.387096774,0.387096774,0.387096774,0,0,0,0.39375,0.39375,0.39375
2547200,0.612021858,0.612021858,0.612021858,0.612021858,0.612021858,0.612021858,0.563535912,0.563535912,0.563535912,0,0,0,0.028169014,0.028169014,0.028169014,0,0,0,0.333333333,0.333333333,0.333333333,0.01,0.01,0.01,0.525974026,0.525974026,0.525974026
2563200,0.548387097,0.548387097,0.548387097,0.548387097,0.548387097,0.548387097,0.553763441,0.553763441,0.553763441,0,0,0,0.059907834,0.059907834,0.059907834,0,0,0,0.324074074,0.324074074,0.324074074,0.01010101,0.01010101,0.01010101,0.360248447,0.360248447,0.360248447
2579200,0.574358974,0.574358974,0.574358974,0.574358974,0.574358974,0.574358974,0.533707865,0.533707865,0.533707865,0,0,0,0.057142857,0.057142857,0.057142857,0,0,0,0.429245283,0.429245283,0.429245283,0,0,0,0.380368098,0.380368098,0.380368098
2595200,0.650246305,0.650246305,0.650246305,0.650246305,0.650246305,0.650246305,0.597883598,0.597883598,0.597883598,0,0,0,0.090047393,0.090047393,0.090047393,0,0,0,0.338028169,0.338028169,0.338028169,0.005050505,0.005050505,0.005050505,0.49044586,0.49044586,0.49044586
2611200,0.62755102,0.62755102,0.62755102,0.62755102,0.62755102,0.62755102,0.507772021,0.507772021,0.507772021,0,0,0,0.060465116,0.060465116,0.060465116,0,0,0,0.363207547,0.363207547,0.363207547,0.01025641,0.01025641,0.01025641,0.387096774,0.387096774,0.387096774
2627200,0.624365482,0.624365482,0.624365482,0.624365482,0.624365482,0.624365482,0.578125,0.578125,0.578125,0,0,0,0.049019608,0.049019608,0.049019608,0,0,0,0.300925926,0.300925926,0.300925926,0.005347594,0.005347594,0.005347594,0.373417722,0.373417722,0.373417722
2643200,0.626315789,0.626315789,0.626315789,0.626315789,0.626315789,0.626315789,0.57591623,0.57591623,0.57591623,0,0,0,0.061032864,0.061032864,0.061032864,0,0,0,0.281105991,0.281105991,0.281105991,0,0,0,0.35483871,0.35483871,0.35483871
2659200,0.670050761,0.670050761,0.670050761,0.670050761,0.670050761,0.670050761,0.6,0.6,0.6,0,0,0,0.054794521,0.054794521,0.054794521,0,0,0,0.319634703,0.319634703,0.319634703,0.005376344,0.005376344,0.005376344,0.435897436,0.435897436,0.435897436
2675200,0.668367347,0.668367347,0.668367347,0.668367347,0.668367347,0.668367347,0.64921466,0.64921466,0.64921466,0,0,0,0.069767442,0.069767442,0.069767442,0,0,0,0.315315315,0.315315315,0.315315315,0,0,0,0.39869281,0.39869281,0.39869281
2691200,0.64021164,0.64021164,0.64021164,0.64021164,0.64021164,0.64021164,0.556701031,0.556701031,0.556701031,0,0,0,0.078341014,0.078341014,0.078341014,0,0,0,0.388888889,0.388888889,0.388888889,0.005434783,0.005434783,0.005434783,0.496815287,0.496815287,0.496815287
2707200,0.673366834,0.673366834,0.673366834,0.673366834,0.673366834,0.673366834,0.638743455,0.638743455,0.638743455,0,0,0,0.03286385,0.03286385,0.03286385,0,0,0,0.382075472,0.382075472,0.382075472,0.005649718,0.005649718,0.005649718,0.378378378,0.378378378,0.378378378
2723200,0.615384615,0.615384615,0.615384615,0.615384615,0.615384615,0.615384615,0.592592593,0.592592593,0.592592593,0,0,0,0.042654028,0.042654028,0.042654028,0,0,0,0.359813084,0.359813084,0.359813084,0.005464481,0.005464481,0.005464481,0.424050633,0.424050633,0.424050633
2739200,0.60199005,0.60199005,0.60199005,0.60199005,0.60199005,0.60199005,0.627027027,0.627027027,0.627027027,0,0,0,0.054794521,0.054794521,0.054794521,0,0,0,0.386363636,0.386363636,0.386363636,0,0,0,0.401315789,0.401315789,0.401315789
2755200,0.642857143,0.642857143,0.642857143,0.642857143,0.642857143,0.642857143,0.598984772,0.598984772,0.598984772,0,0,0,0.056338028,0.056338028,0.056338028,0,0,0,0.346153846,0.346153846,0.346153846,0.005434783,0.005434783,0.005434783,0.423076923,0.423076923,0.423076923
2771200,0.649038462,0.649038462,0.649038462,0.649038462,0.649038462,0.649038462,0.540816327,0.540816327,0.540816327,0,0,0,0.066666667,0.066666667,0.066666667,0,0,0,0.301886792,0.301886792,0.301886792,0,0,0,0.5,0.5,0.5
2787200,0.676190476,0.676190476,0.676190476,0.676190476,0.676190476,0.676190476,0.577889447,0.577889447,0.577889447,0,0,0,0.028708134,0.028708134,0.028708134,0,0,0,0.324074074,0.324074074,0.324074074,0.034090909,0.034090909,0.034090909,0.42384106,0.42384106,0.42384106
2803200,0.717073171,0.717073171,0.717073171,0.717073171,0.717073171,0.717073171,0.524064171,0.524064171,0.524064171,0,0,0,0.053140097,0.053140097,0.053140097,0,0,0,0.348623853,0.348623853,0.348623853,0.022346369,0.022346369,0.022346369,0.465408805,0.465408805,0.465408805
2819200,0.653465347,0.653465347,0.653465347,0.653465347,0.653465347,0.653465347,0.623115578,0.623115578,0.623115578,0,0,0,0.043478261,0.043478261,0.043478261,0,0,0,0.297674419,0.297674419,0.297674419,0.005714286,0.005714286,0.005714286,0.403614458,0.403614458,0.403614458
2835200,0.637755102,0.637755102,0.637755102,0.637755102,0.637755102,0.637755102,0.605,0.605,0.605,0,0,0,0.070422535,0.070422535,0.070422535,0,0,0,0.349056604,0.349056604,0.349056604,0.02247191,0.02247191,0.02247191,0.392638037,0.392638037,0.392638037
2851200,0.670050761,0.670050761,0.670050761,0.670050761,0.670050761,0.670050761,0.666666667,0.666666667,0.666666667,0,0,0,0.057692308,0.057692308,0.057692308,0,0,0,0.276497696,0.276497696,0.276497696,0.005494505,0.005494505,0.005494505,0.446540881,0.446540881,0.446540881
2867200,0.677884615,0.677884615,0.677884615,0.677884615,0.677884615,0.677884615,0.607142857,0.607142857,0.607142857,0,0,0,0.037037037,0.037037037,0.037037037,0,0,0,0.301801802,0.301801802,0.301801802,0.033333333,0.033333333,0.033333333,0.397590361,0.397590361,0.397590361
2883200,0.685279188,0.685279188,0.685279188,0.685279188,0.685279188,0.685279188,0.661616162,0.661616162,0.661616162,0,0,0,0.047393365,0.047393365,0.047393365,0,0,0,0.347222222,0.347222222,0.347222222,0.021978022,0.021978022,0.021978022,0.443037975,0.443037975,0.443037975
2899200,0.668224299,0.668224299,0.668224299,0.668224299,0.668224299,0.668224299,0.614973262,0.614973262,0.614973262,0,0,0,0.0456621,0.0456621,0.0456621,0,0,0,0.412322275,0.412322275,0.412322275,0.055865922,0.055865922,0.055865922,0.440993789,0.440993789,0.440993789
2915200,0.65,0.65,0.65,0.65,0.65,0.65,0.64,0.64,0.64,0,0,0,0.032110092,0.032110092,0.032110092,0.006369427,0.006369427,0.006369427,0.399082569,0.399082569,0.399082569,0.005464481,0.005464481,0.005464481,0.455696203,0.455696203,0.455696203
2931200,0.703517588,0.703517588,0.703517588,0.703517588,0.703517588,0.703517588,0.663265306,0.663265306,0.663265306,0,0,0,0.050691244,0.050691244,0.050691244,0,0,0,0.375586854,0.375586854,0.375586854,0.027472527,0.027472527,0.027472527,0.35625,0.35625,0.35625
2947200,0.676190476,0.676190476,0.676190476,0.676190476,0.676190476,0.676190476,0.635897436,0.635897436,0.635897436,0,0,0,0.037209302,0.037209302,0.037209302,0,0,0,0.350230415,0.350230415,0.350230415,0.044692737,0.044692737,0.044692737,0.416149068,0.416149068,0.416149068
2963200,0.640394089,0.640394089,0.640394089,0.640394089,0.640394089,0.640394089,0.645320197,0.645320197,0.645320197,0,0,0,0.060747664,0.060747664,0.060747664,0,0,0,0.356481481,0.356481481,0.356481481,0.016574586,0.016574586,0.016574586,0.493421053,0.493421053,0.493421053
2979200,0.686567164,0.686567164,0.686567164,0.686567164,0.686567164,0.686567164,0.682926829,0.682926829,0.682926829,0,0,0,0.049019608,0.049019608,0.049019608,0,0,0,0.382488479,0.382488479,0.382488479,0.032967033,0.032967033,0.032967033,0.436708861,0.436708861,0.436708861
2995200,0.737777778,0.737777778,0.737777778,0.737777778,0.737777778,0.737777778,0.728571429,0.728571429,0.728571429,0,0,0,0.065116279,0.065116279,0.065116279,0,0,0,0.347222222,0.347222222,0.347222222,0.010752688,0.010752688,0.010752688,0.522580645,0.522580645,0.522580645
3011200,,,,,,,,,,0,0,0,0.074074074,0.074074074,0.074074074,0,0,0,0.32718894,0.32718894,0.32718894,0.059139785,0.059139785,0.059139785,0.462025316,0.462025316,0.462025316
3027200,,,,,,,,,,0,0,0,0.060465116,0.060465116,0.060465116,0,0,0,0.340707965,0.340707965,0.340707965,0.005524862,0.005524862,0.005524862,0.58125,0.58125,0.58125
3043200,,,,,,,,,,0,0,0,0.047393365,0.047393365,0.047393365,0,0,0,0.290322581,0.290322581,0.290322581,0,0,0,0.457317073,0.457317073,0.457317073
3059200,,,,,,,,,,0,0,0,0.04245283,0.04245283,0.04245283,0,0,0,0.365740741,0.365740741,0.365740741,0.011235955,0.011235955,0.011235955,0.457831325,0.457831325,0.457831325
3075200,,,,,,,,,,0,0,0,0.070754717,0.070754717,0.070754717,0,0,0,0.421800948,0.421800948,0.421800948,0.033149171,0.033149171,0.033149171,0.466257669,0.466257669,0.466257669
3091200,,,,,,,,,,0,0,0,0.066985646,0.066985646,0.066985646,0,0,0,0.358139535,0.358139535,0.358139535,0.02247191,0.02247191,0.02247191,0.577922078,0.577922078,0.577922078
3107200,,,,,,,,,,0,0,0,0.061032864,0.061032864,0.061032864,0,0,0,0.380952381,0.380952381,0.380952381,0.039548023,0.039548023,0.039548023,0.455128205,0.455128205,0.455128205
3123200,,,,,,,,,,0,0,0,0.054794521,0.054794521,0.054794521,0,0,0,0.420560748,0.420560748,0.420560748,0.011299435,0.011299435,0.011299435,0.487012987,0.487012987,0.487012987
3139200,,,,,,,,,,0,0,0,0.052132701,0.052132701,0.052132701,0,0,0,0.373205742,0.373205742,0.373205742,0,0,0,0.437086093,0.437086093,0.437086093
3155200,,,,,,,,,,0,0,0,0.041284404,0.041284404,0.041284404,0,0,0,0.358139535,0.358139535,0.358139535,0.011111111,0.011111111,0.011111111,0.441717791,0.441717791,0.441717791
3171200,,,,,,,,,,0,0,0,0.047169811,0.047169811,0.047169811,0,0,0,0.299539171,0.299539171,0.299539171,0.011560694,0.011560694,0.011560694,0.427672956,0.427672956,0.427672956
3187200,,,,,,,,,,0,0,0,0.097087379,0.097087379,0.097087379,0,0,0,0.359813084,0.359813084,0.359813084,0,0,0,0.387878788,0.387878788,0.387878788
3203200,,,,,,,,,,0,0,0,0.062200957,0.062200957,0.062200957,0,0,0,0.371559633,0.371559633,0.371559633,0.011428571,0.011428571,0.011428571,0.449367089,0.449367089,0.449367089
3219200,,,,,,,,,,0,0,0,0.046728972,0.046728972,0.046728972,0,0,0,0.402777778,0.402777778,0.402777778,0.011299435,0.011299435,0.011299435,0.460606061,0.460606061,0.460606061
3235200,,,,,,,,,,0,0,0,0.055813953,0.055813953,0.055813953,0,0,0,0.374407583,0.374407583,0.374407583,0.005813953,0.005813953,0.005813953,0.352601156,0.352601156,0.352601156
3251200,,,,,,,,,,0,0,0,0.033653846,0.033653846,0.033653846,0.00625,0.00625,0.00625,0.476190476,0.476190476,0.476190476,0,0,0,0.377906977,0.377906977,0.377906977
3267200,,,,,,,,,,0,0,0,0.051401869,0.051401869,0.051401869,0,0,0,0.502347418,0.502347418,0.502347418,0,0,0,0.49375,0.49375,0.49375
3283200,,,,,,,,,,0,0,0,0.066350711,0.066350711,0.066350711,0,0,0,0.408450704,0.408450704,0.408450704,0.005649718,0.005649718,0.005649718,0.343023256,0.343023256,0.343023256
3299200,,,,,,,,,,0,0,0,0.052631579,0.052631579,0.052631579,0,0,0,0.488151659,0.488151659,0.488151659,0,0,0,0.469135802,0.469135802,0.469135802
3315200,,,,,,,,,,0,0,0,0.03255814,0.03255814,0.03255814,0,0,0,0.478873239,0.478873239,0.478873239,0.011299435,0.011299435,0.011299435,0.43125,0.43125,0.43125
3331200,,,,,,,,,,0,0,0,0.069767442,0.069767442,0.069767442,0,0,0,0.544186047,0.544186047,0.544186047,0.011049724,0.011049724,0.011049724,0.49068323,0.49068323,0.49068323
3347200,,,,,,,,,,0,0,0,0.038277512,0.038277512,0.038277512,0,0,0,0.523584906,0.523584906,0.523584906,0.010989011,0.010989011,0.010989011,0.4,0.4,0.4
3363200,,,,,,,,,,0,0,0,0.056074766,0.056074766,0.056074766,0,0,0,0.533018868,0.533018868,0.533018868,0,0,0,0.409937888,0.409937888,0.409937888
3379200,,,,,,,,,,0,0,0,0.051643192,0.051643192,0.051643192,0,0,0,0.507042254,0.507042254,0.507042254,0,0,0,0.419753086,0.419753086,0.419753086
3395200,,,,,,,,,,0,0,0,0.088785047,0.088785047,0.088785047,0,0,0,0.502347418,0.502347418,0.502347418,0.005434783,0.005434783,0.005434783,0.308641975,0.308641975,0.308641975
3411200,,,,,,,,,,0,0,0,0.051401869,0.051401869,0.051401869,0,0,0,0.558252427,0.558252427,0.558252427,0,0,0,0.459627329,0.459627329,0.459627329
3427200,,,,,,,,,,0,0,0,0.055813953,0.055813953,0.055813953,0,0,0,0.547169811,0.547169811,0.547169811,0.011173184,0.011173184,0.011173184,0.327044025,0.327044025,0.327044025
3443200,,,,,,,,,,0,0,0,0.070754717,0.070754717,0.070754717,0,0,0,0.49537037,0.49537037,0.49537037,0,0,0,0.382165605,0.382165605,0.382165605
3459200,,,,,,,,,,0,0,0,0.078341014,0.078341014,0.078341014,0,0,0,0.504950495,0.504950495,0.504950495,0.005681818,0.005681818,0.005681818,0.462025316,0.462025316,0.462025316
3475200,,,,,,,,,,0,0,0,0.042253521,0.042253521,0.042253521,0,0,0,0.524271845,0.524271845,0.524271845,0,0,0,0.426751592,0.426751592,0.426751592
3491200,,,,,,,,,,0,0,0,0.042056075,0.042056075,0.042056075,0,0,0,0.509433962,0.509433962,0.509433962,0,0,0,0.371069182,0.371069182,0.371069182
3507200,,,,,,,,,,0,0,0,0.070422535,0.070422535,0.070422535,0,0,0,0.531100478,0.531100478,0.531100478,0,0,0,0.345679012,0.345679012,0.345679012
3523200,,,,,,,,,,0,0,0,0.061904762,0.061904762,0.061904762,0,0,0,0.490291262,0.490291262,0.490291262,0.016666667,0.016666667,0.016666667,0.408536585,0.408536585,0.408536585
3539200,,,,,,,,,,0,0,0,0.061611374,0.061611374,0.061611374,0,0,0,0.478873239,0.478873239,0.478873239,0,0,0,0.273291925,0.273291925,0.273291925
3555200,,,,,,,,,,0,0,0,0.046296296,0.046296296,0.046296296,0,0,0,0.563981043,0.563981043,0.563981043,0,0,0,0.383647799,0.383647799,0.383647799
3571200,,,,,,,,,,0,0,0,0.053658537,0.053658537,0.053658537,0,0,0,0.473684211,0.473684211,0.473684211,0,0,0,0.402684564,0.402684564,0.402684564
3587200,,,,,,,,,,0,0,0,0.056338028,0.056338028,0.056338028,0,0,0,0.502392344,0.502392344,0.502392344,0.005649718,0.005649718,0.005649718,0.392405063,0.392405063,0.392405063
3603200,,,,,,,,,,0,0,0,0.075829384,0.075829384,0.075829384,0,0,0,0.570093458,0.570093458,0.570093458,0.005555556,0.005555556,0.005555556,0.3875,0.3875,0.3875
3619200,,,,,,,,,,0,0,0,0.079439252,0.079439252,0.079439252,0,0,0,0.485981308,0.485981308,0.485981308,0,0,0,0.422818792,0.422818792,0.422818792
3635200,,,,,,,,,,0,0,0,0.070093458,0.070093458,0.070093458,0,0,0,0.490566038,0.490566038,0.490566038,0,0,0,0.489795918,0.489795918,0.489795918
3651200,,,,,,,,,,0,0,0,0.013824885,0.013824885,0.013824885,0,0,0,0.540669856,0.540669856,0.540669856,0,0,0,0.421383648,0.421383648,0.421383648
3667200,,,,,,,,,,0,0,0,0.066985646,0.066985646,0.066985646,0,0,0,0.438095238,0.438095238,0.438095238,0,0,0,0.382165605,0.382165605,0.382165605
3683200,,,,,,,,,,0,0,0,0.08056872,0.08056872,0.08056872,0,0,0,0.530516432,0.530516432,0.530516432,0,0,0,0.426751592,0.426751592,0.426751592
3699200,,,,,,,,,,0,0,0,0.078341014,0.078341014,0.078341014,0,0,0,0.459090909,0.459090909,0.459090909,0,0,0,0.371621622,0.371621622,0.371621622
3715200,,,,,,,,,,0,0,0,0.057971014,0.057971014,0.057971014,0,0,0,0.524271845,0.524271845,0.524271845,0,0,0,0.427631579,0.427631579,0.427631579
3731200,,,,,,,,,,0,0,0,0.033018868,0.033018868,0.033018868,0,0,0,0.444444444,0.444444444,0.444444444,0,0,0,0.38410596,0.38410596,0.38410596
3747200,,,,,,,,,,0,0,0,0.080188679,0.080188679,0.080188679,0.013422819,0.013422819,0.013422819,0.444444444,0.444444444,0.444444444,0,0,0,0.333333333,0.333333333,0.333333333
3763200,,,,,,,,,,0,0,0,0.048076923,0.048076923,0.048076923,0,0,0,0.433333333,0.433333333,0.433333333,0,0,0,0.310559006,0.310559006,0.310559006
3779200,,,,,,,,,,0,0,0,0.069767442,0.069767442,0.069767442,0,0,0,0.560747664,0.560747664,0.560747664,0,0,0,0.329113924,0.329113924,0.329113924
3795200,,,,,,,,,,0,0,0,0.088669951,0.088669951,0.088669951,0,0,0,0.488262911,0.488262911,0.488262911,0,0,0,0.301282051,0.301282051,0.301282051
3811200,,,,,,,,,,0,0,0,0.033333333,0.033333333,0.033333333,0,0,0,0.397129187,0.397129187,0.397129187,0,0,0,0.352941176,0.352941176,0.352941176
3827200,,,,,,,,,,0,0,0,0.066350711,0.066350711,0.066350711,0,0,0,0.414746544,0.414746544,0.414746544,0,0,0,0.315789474,0.315789474,0.315789474
3843200,,,,,,,,,,0,0,0,0.046082949,0.046082949,0.046082949,0,0,0,0.32718894,0.32718894,0.32718894,0,0,0,0.339869281,0.339869281,0.339869281
3859200,,,,,,,,,,0,0,0,0.082524272,0.082524272,0.082524272,0,0,0,0.401826484,0.401826484,0.401826484,0,0,0,0.386666667,0.386666667,0.386666667
3875200,,,,,,,,,,0,0,0,0.075117371,0.075117371,0.075117371,0,0,0,0.374407583,0.374407583,0.374407583,0,0,0,0.351351351,0.351351351,0.351351351
3891200,,,,,,,,,,0,0,0,0.091346154,0.091346154,0.091346154,0,0,0,0.322429907,0.322429907,0.322429907,0,0,0,0.308724832,0.308724832,0.308724832
3907200,,,,,,,,,,0,0,0,0.037558685,0.037558685,0.037558685,0,0,0,0.40952381,0.40952381,0.40952381,0,0,0,0.354166667,0.354166667,0.354166667
3923200,,,,,,,,,,0,0,0,0.074418605,0.074418605,0.074418605,0.006451613,0.006451613,0.006451613,0.375586854,0.375586854,0.375586854,0,0,0,0.390728477,0.390728477,0.390728477
3939200,,,,,,,,,,0,0,0,0.0625,0.0625,0.0625,0.006535948,0.006535948,0.006535948,0.388625592,0.388625592,0.388625592,0,0,0,0.248366013,0.248366013,0.248366013
3955200,,,,,,,,,,0,0,0,0.0625,0.0625,0.0625,0,0,0,0.452380952,0.452380952,0.452380952,0,0,0,0.275167785,0.275167785,0.275167785
3971200,,,,,,,,,,0,0,0,0.04587156,0.04587156,0.04587156,0,0,0,0.488151659,0.488151659,0.488151659,0,0,0,0.355263158,0.355263158,0.355263158
3987200,,,,,,,,,,0,0,0,0.052380952,0.052380952,0.052380952,0,0,0,0.443396226,0.443396226,0.443396226,0,0,0,0.270967742,0.270967742,0.270967742
4003200,,,,,,,,,,0,0,0,0.056603774,0.056603774,0.056603774,0,0,0,0.440758294,0.440758294,0.440758294,0,0,0,0.294520548,0.294520548,0.294520548
4019200,,,,,,,,,,0,0,0,0.066985646,0.066985646,0.066985646,0,0,0,0.411483254,0.411483254,0.411483254,0,0,0,0.309210526,0.309210526,0.309210526
4035200,,,,,,,,,,0,0,0,0.053398058,0.053398058,0.053398058,0,0,0,0.435779817,0.435779817,0.435779817,0,0,0,0.26,0.26,0.26
4051200,,,,,,,,,,0,0,0,0.091346154,0.091346154,0.091346154,0.00625,0.00625,0.00625,0.394618834,0.394618834,0.394618834,0,0,0,0.211538462,0.211538462,0.211538462
4067200,,,,,,,,,,0,0,0,0.056603774,0.056603774,0.056603774,0,0,0,0.438356164,0.438356164,0.438356164,0,0,0,0.177631579,0.177631579,0.177631579
4083200,,,,,,,,,,0,0,0,0.075829384,0.075829384,0.075829384,0,0,0,0.461538462,0.461538462,0.461538462,0,0,0,0.283783784,0.283783784,0.283783784
4099200,,,,,,,,,,0,0,0,0.047619048,0.047619048,0.047619048,0,0,0,0.429223744,0.429223744,0.429223744,0,0,0,0.215189873,0.215189873,0.215189873
4115200,,,,,,,,,,0,0,0,0.08411215,0.08411215,0.08411215,0,0,0,0.5,0.5,0.5,0,0,0,0.169934641,0.169934641,0.169934641
4131200,,,,,,,,,,0,0,0,0.069767442,0.069767442,0.069767442,0,0,0,0.484162896,0.484162896,0.484162896,0,0,0,0.213333333,0.213333333,0.213333333
4147200,,,,,,,,,,0,0,0,0.060747664,0.060747664,0.060747664,0,0,0,0.459090909,0.459090909,0.459090909,0,0,0,0.231788079,0.231788079,0.231788079
4163200,,,,,,,,,,0,0,0,0.076190476,0.076190476,0.076190476,0,0,0,0.543478261,0.543478261,0.543478261,0,0,0,0.18,0.18,0.18
4179200,,,,,,,,,,0,0,0,0.070422535,0.070422535,0.070422535,0,0,0,0.536036036,0.536036036,0.536036036,0,0,0,0.237762238,0.237762238,0.237762238
4195200,,,,,,,,,,0,0,0,0.043478261,0.043478261,0.043478261,0,0,0,0.481981982,0.481981982,0.481981982,0,0,0,0.166666667,0.166666667,0.166666667
4211200,,,,,,,,,,0,0,0,0.057142857,0.057142857,0.057142857,0,0,0,0.563876652,0.563876652,0.563876652,0,0,0,0.144736842,0.144736842,0.144736842
4227200,,,,,,,,,,0,0,0,0.055813953,0.055813953,0.055813953,0,0,0,0.587719298,0.587719298,0.587719298,0,0,0,0.165562914,0.165562914,0.165562914
4243200,,,,,,,,,,0,0,0,0.053398058,0.053398058,0.053398058,0.012269939,0.012269939,0.012269939,0.573991031,0.573991031,0.573991031,0,0,0,0.17218543,0.17218543,0.17218543
4259200,,,,,,,,,,0,0,0,0.057692308,0.057692308,0.057692308,0,0,0,0.552511416,0.552511416,0.552511416,0,0,0,0.129251701,0.129251701,0.129251701
4275200,,,,,,,,,,0,0,0,0.071770335,0.071770335,0.071770335,0.00617284,0.00617284,0.00617284,0.563636364,0.563636364,0.563636364,0,0,0,0.173611111,0.173611111,0.173611111
4291200,,,,,,,,,,0,0,0,0.090909091,0.090909091,0.090909091,0,0,0,0.586666667,0.586666667,0.586666667,0,0,0,0.126666667,0.126666667,0.126666667
4307200,,,,,,,,,,0,0,0,0.075117371,0.075117371,0.075117371,0,0,0,0.603524229,0.603524229,0.603524229,0,0,0,0.124183007,0.124183007,0.124183007
4323200,,,,,,,,,,0,0,0,0.056338028,0.056338028,0.056338028,0,0,0,0.617391304,0.617391304,0.617391304,0,0,0,0.138157895,0.138157895,0.138157895
4339200,,,,,,,,,,0,0,0,0.041666667,0.041666667,0.041666667,0,0,0,0.557522124,0.557522124,0.557522124,0,0,0,0.082802548,0.082802548,0.082802548
4355200,,,,,,,,,,0,0,0,0.033175355,0.033175355,0.033175355,0,0,0,0.631111111,0.631111111,0.631111111,0,0,0,0.073825503,0.073825503,0.073825503
4371200,,,,,,,,,,0,0,0,0.061320755,0.061320755,0.061320755,0,0,0,0.666666667,0.666666667,0.666666667,0,0,0,0.081081081,0.081081081,0.081081081
4387200,,,,,,,,,,0,0,0,0.062200957,0.062200957,0.062200957,0.006410256,0.006410256,0.006410256,0.591111111,0.591111111,0.591111111,0,0,0,0.101351351,0.101351351,0.101351351
4403200,,,,,,,,,,0,0,0,0.077625571,0.077625571,0.077625571,0,0,0,0.669603524,0.669603524,0.669603524,0,0,0,0.105960265,0.105960265,0.105960265
4419200,,,,,,,,,,0,0,0,0.066037736,0.066037736,0.066037736,0,0,0,0.593886463,0.593886463,0.593886463,0,0,0,0.094594595,0.094594595,0.094594595
4435200,,,,,,,,,,0,0,0,0.061032864,0.061032864,0.061032864,0.006410256,0.006410256,0.006410256,0.638392857,0.638392857,0.638392857,0,0,0,0.151315789,0.151315789,0.151315789
4451200,,,,,,,,,,0,0,0,0.072463768,0.072463768,0.072463768,0.006097561,0.006097561,0.006097561,0.612765957,0.612765957,0.612765957,0,0,0,0.157894737,0.157894737,0.157894737
4467200,,,,,,,,,,0,0,0,0.080188679,0.080188679,0.080188679,0,0,0,0.630434783,0.630434783,0.630434783,0,0,0,0.105960265,0.105960265,0.105960265
4483200,,,,,,,,,,0,0,0,0.076190476,0.076190476,0.076190476,0,0,0,0.599137931,0.599137931,0.599137931,0,0,0,0.141025641,0.141025641,0.141025641
4499200,,,,,,,,,,0,0,0,0.036697248,0.036697248,0.036697248,0,0,0,0.61038961,0.61038961,0.61038961,0,0,0,0.118421053,0.118421053,0.118421053
4515200,,,,,,,,,,0,0,0,0.079069767,0.079069767,0.079069767,0,0,0,0.617777778,0.617777778,0.617777778,0,0,0,0.087248322,0.087248322,0.087248322
4531200,,,,,,,,,,0,0,0,0.086124402,0.086124402,0.086124402,0,0,0,0.63362069,0.63362069,0.63362069,0,0,0,0.073333333,0.073333333,0.073333333
4547200,,,,,,,,,,0,0,0,0.046948357,0.046948357,0.046948357,0,0,0,0.617391304,0.617391304,0.617391304,0,0,0,0.08496732,0.08496732,0.08496732
4563200,,,,,,,,,,0,0,0,0.103286385,0.103286385,0.103286385,0,0,0,0.575757576,0.575757576,0.575757576,0,0,0,0.162162162,0.162162162,0.162162162
4579200,,,,,,,,,,0,0,0,0.066985646,0.066985646,0.066985646,0,0,0,0.634361233,0.634361233,0.634361233,0,0,0,0.131578947,0.131578947,0.131578947
4595200,,,,,,,,,,0,0,0,0.053398058,0.053398058,0.053398058,0,0,0,0.68558952,0.68558952,0.68558952,0,0,0,0.131578947,0.131578947,0.131578947
4611200,,,,,,,,,,0,0,0,0.060747664,0.060747664,0.060747664,0,0,0,0.727272727,0.727272727,0.727272727,0,0,0,0.12244898,0.12244898,0.12244898
4627200,,,,,,,,,,0,0,0,0.087804878,0.087804878,0.087804878,0.00625,0.00625,0.00625,0.657777778,0.657777778,0.657777778,0,0,0,0.151315789,0.151315789,0.151315789
4643200,,,,,,,,,,0,0,0,0.069767442,0.069767442,0.069767442,0,0,0,0.652173913,0.652173913,0.652173913,0,0,0,0.06918239,0.06918239,0.06918239
4659200,,,,,,,,,,0,0,0,0.069444444,0.069444444,0.069444444,0,0,0,0.665236052,0.665236052,0.665236052,0,0,0,0.094594595,0.094594595,0.094594595
4675200,,,,,,,,,,0,0,0,0.051401869,0.051401869,0.051401869,0,0,0,0.67699115,0.67699115,0.67699115,0,0,0,0.073825503,0.073825503,0.073825503
4691200,,,,,,,,,,0,0,0,0.075471698,0.075471698,0.075471698,0,0,0,0.758474576,0.758474576,0.758474576,0,0,0,0.056962025,0.056962025,0.056962025
4707200,,,,,,,,,,0,0,0,0.053921569,0.053921569,0.053921569,0,0,0,0.671171171,0.671171171,0.671171171,0,0,0,0.083916084,0.083916084,0.083916084
4723200,,,,,,,,,,0,0,0,0.061611374,0.061611374,0.061611374,0,0,0,0.688034188,0.688034188,0.688034188,0,0,0,0.081761006,0.081761006,0.081761006
4739200,,,,,,,,,,0,0,0,0.065420561,0.065420561,0.065420561,0,0,0,0.718061674,0.718061674,0.718061674,0,0,0,0.031847134,0.031847134,0.031847134
4755200,,,,,,,,,,0,0,0,0.051886792,0.051886792,0.051886792,0,0,0,0.714912281,0.714912281,0.714912281,0,0,0,0.075949367,0.075949367,0.075949367
4771200,,,,,,,,,,0,0,0,0.104761905,0.104761905,0.104761905,0,0,0,0.693965517,0.693965517,0.693965517,0,0,0,0.038461538,0.038461538,0.038461538
4787200,,,,,,,,,,0,0,0,0.060465116,0.060465116,0.060465116,0,0,0,0.639830508,0.639830508,0.639830508,0,0,0,0.051948052,0.051948052,0.051948052
4803200,,,,,,,,,,0,0,0,0.046728972,0.046728972,0.046728972,0,0,0,0.67826087,0.67826087,0.67826087,0,0,0,0.064935065,0.064935065,0.064935065
4819200,,,,,,,,,,0,0,0,0.063106796,0.063106796,0.063106796,0.006578947,0.006578947,0.006578947,0.598253275,0.598253275,0.598253275,0,0,0,0.059602649,0.059602649,0.059602649
4835200,,,,,,,,,,0,0,0,0.08490566,0.08490566,0.08490566,0,0,0,0.639484979,0.639484979,0.639484979,0,0,0,0.068965517,0.068965517,0.068965517
4851200,,,,,,,,,,0,0,0,0.050691244,0.050691244,0.050691244,0,0,0,0.621848739,0.621848739,0.621848739,0,0,0,0.059602649,0.059602649,0.059602649
4867200,,,,,,,,,,0,0,0,0.04368932,0.04368932,0.04368932,0,0,0,0.623931624,0.623931624,0.623931624,0,0,0,0.046357616,0.046357616,0.046357616
4883200,,,,,,,,,,0,0,0,0.098591549,0.098591549,0.098591549,0,0,0,0.676595745,0.676595745,0.676595745,0,0,0,0.046052632,0.046052632,0.046052632
4899200,,,,,,,,,,0,0,0,0.071090047,0.071090047,0.071090047,0.00591716,0.00591716,0.00591716,0.680851064,0.680851064,0.680851064,0,0,0,0.096969697,0.096969697,0.096969697
4915200,,,,,,,,,,0,0,0,0.052631579,0.052631579,0.052631579,0,0,0,0.670940171,0.670940171,0.670940171,0,0,0,0.043478261,0.043478261,0.043478261
4931200,,,,,,,,,,0,0,0,0.061320755,0.061320755,0.061320755,0.011976048,0.011976048,0.011976048,0.606060606,0.606060606,0.606060606,0,0,0,0.073619632,0.073619632,0.073619632
4947200,,,,,,,,,,0,0,0,0.066985646,0.066985646,0.066985646,0,0,0,0.69527897,0.69527897,0.69527897,0,0,0,0.073170732,0.073170732,0.073170732
4963200,,,,,,,,,,0,0,0,0.047169811,0.047169811,0.047169811,0,0,0,0.632034632,0.632034632,0.632034632,0,0,0,0.056603774,0.056603774,0.056603774
4979200,,,,,,,,,,0,0,0,0.056872038,0.056872038,0.056872038,0.005952381,0.005952381,0.005952381,0.637130802,0.637130802,0.637130802,0,0,0,0.023529412,0.023529412,0.023529412
4995200,,,,,,,,,,0,0,0,0.038461538,0.038461538,0.038461538,0,0,0,0.577777778,0.577777778,0.577777778,0,0,0,0.049382716,0.049382716,0.049382716
